id,topic
14275447,Javascript
14275108,Python
14275036,Amazon
14274994,Google
14274865,Apple
14274856,Mobile
14274787,Linux
14274778,Javascript
14274688,Politics
14274655,Apple
14274589,AI/Machine Learning
14274574,Security
14274574,Google
14274352,Linux
14274184,Mobile
14274175,Mobile
14274121,Apple
14274121,Tesla
14273863,Python
14273851,Design
14273782,Security
14273782,Microsoft
14273677,Google
14273617,Politics
14273578,Mobile
14273503,Javascript
14273383,Startups
14273353,System Administration/Dev Ops
14273287,Design
14273107,Amazon
14272957,Javascript
14272921,Amazon
14272669,Design
14272657,Javascript
14272600,AI/Machine Learning
14272561,Javascript
14272519,Python
14272492,Microsoft
14272459,AI/Machine Learning
14272369,Mobile
14272339,System Administration/Dev Ops
14272282,Mobile
14272258,System Administration/Dev Ops
14272183,Politics
14272021,Mobile
14272018,Mobile
14272006,Mobile
14271949,Mobile
14271949,Design
14271628,Design
14271547,Design
14271448,Google
14271298,Politics
14271271,Facebook
14271190,Design
14271127,Design
14270956,Mobile
14270593,Google
14270593,Facebook
14270566,Mobile
14270560,AI/Machine Learning
14270452,Databases
14269936,Amazon
14269924,AI/Machine Learning
14269846,Google
14269615,Mobile
14269396,Self-driving car
14269360,Facebook
14269327,Google
14269294,Apple
14269231,AI/Machine Learning
14269189,Amazon
14269102,Politics
14268760,AI/Machine Learning
14268745,Google
14268730,Mobile
14268709,Apple
14268514,Python
14268334,Apple
14268136,AI/Machine Learning
14268121,Linux
14268076,Security
14267947,Google
14267923,Amazon
14267761,AI/Machine Learning
14267737,Databases
14267692,Microsoft
14267473,Design
14267089,Google
14267089,Startups
14267068,Tesla
14267026,Amazon
14266960,AI/Machine Learning
14266930,Design
14266759,Google
14266702,Javascript
14266693,Databases
14266615,Databases
14266423,Mobile
14266378,Amazon
14266339,AI/Machine Learning
14266282,Mobile
14266276,Blockchain
14266189,Mobile
14266021,Startups
14265817,Linux
14265790,Design
14265697,Mobile
14265655,Security
14265643,Security
14265643,Politics
14265607,Apple
14265487,AI/Machine Learning
14265388,Blockchain
14265382,Linux
14265265,Facebook
14265241,Python
14265235,Google
14265184,Amazon
14265151,Google
14265151,Apple
14265151,Amazon
14265067,AI/Machine Learning
14264971,Politics
14264947,Google
14264935,Design
14264917,Startups
14264914,Design
14264896,Javascript
14264851,Startups
14264848,Startups
14264821,Design
14264806,Security
14264800,Google
14264668,Mobile
14264647,Security
14264497,Self-driving car
14264470,Amazon
14264440,Google
14264341,Startups
14264266,Blockchain
14264185,Python
14264038,Tesla
14263954,Politics
14263906,Self-driving car
14263834,Databases
14263768,Facebook
14263738,Mobile
14263681,Databases
14263669,Mobile
14263543,Microsoft
14263369,Startups
14263363,Facebook
14263318,Design
14263165,Mobile
14263012,Javascript
14263012,Security
14262985,Design
14262964,Mobile
14262949,Facebook
14262826,Javascript
14262811,AI/Machine Learning
14262736,Politics
14262619,Blockchain
14262568,Startups
14262487,AI/Machine Learning
14262391,Blockchain
14262340,Javascript
14262244,Google
14262100,Amazon
14261911,Google
14261851,Amazon
14261788,Amazon
14261527,Javascript
14261404,AI/Machine Learning
14261314,Facebook
14261302,Apple
14261299,Politics
14261290,Self-driving car
14261275,Google
14261254,Apple
14261224,Javascript
14261212,AI/Machine Learning
14261167,Security
14261167,Google
14261149,Startups
14261125,Startups
14260990,Facebook
14260642,Google
14260636,Politics
14260399,Security
14260399,Google
14260396,Python
14260384,Microsoft
14260030,Google
14260030,Self-driving car
14260021,Facebook
14259769,Tesla
14259700,Google
14259682,Security
14259652,Apple
14259634,Security
14259634,Microsoft
14259562,Google
14259472,Javascript
14259451,Mobile
14259415,Politics
14259394,Javascript
14259364,Security
14259226,Google
14259097,Databases
14259061,Javascript
14259034,Security
14259031,AI/Machine Learning
14258878,Facebook
14258632,Facebook
14258503,Amazon
14258464,Microsoft
14258383,Google
14258356,Security
14258314,Java
14258314,Mobile
14258299,Amazon
14258248,Mobile
14258092,Databases
14258092,Linux
14257879,Security
14257780,Microsoft
14257780,Linux
14257744,Javascript
14257720,Javascript
14257684,Microsoft
14257684,Databases
14257576,Startups
14257270,Python
14257141,Politics
14257135,Microsoft
14256733,Mobile
14256661,Amazon
14256628,Facebook
14256580,Startups
14256559,Javascript
14256559,Mobile
14256535,Google
14256535,Microsoft
14256481,Facebook
14256274,Security
14256259,Javascript
14256229,Google
14256229,Facebook
14256061,Python
14256052,Facebook
14256049,Security
14255881,AI/Machine Learning
14255734,Javascript
14255722,AI/Machine Learning
14255632,Startups
14255572,AI/Machine Learning
14255554,Design
14255527,Google
14255527,Facebook
14255500,Startups
14255395,Mobile
14255203,Python
14255200,Design
14255128,Java
14255098,Mobile
14254969,Javascript
14254963,Design
14254924,Databases
14254849,Java
14254789,Javascript
14254750,Design
14254699,Security
14254546,Politics
14254309,Google
14254216,Google
14254174,Design
14254135,Security
14254072,Javascript
14254027,Facebook
14253994,Mobile
14253985,Self-driving car
14253871,Mobile
14253871,Apple
14253808,Startups
14253799,Security
14253781,Startups
14253766,Mobile
14253766,Apple
14253730,Mobile
14253442,Microsoft
14253439,Google
14253436,Google
14253436,Microsoft
14253436,Apple
14253424,Microsoft
14253352,Mobile
14253352,Design
14253169,Blockchain
14252911,Facebook
14252896,Javascript
14252863,Javascript
14252404,Tesla
14251918,Python
14251804,Microsoft
14251804,Apple
14251780,Tesla
14250910,Facebook
14250814,Security
14250637,Microsoft
14250538,System Administration/Dev Ops
14250463,Design
14250421,Apple
14250331,AI/Machine Learning
14250295,Politics
14250283,Mobile
14250283,Design
14250112,Python
14249884,Security
14249812,Linux
14249731,Databases
14249572,Startups
14249542,Startups
14249527,Politics
14249338,Microsoft
14249323,Microsoft
14249194,Security
14249134,Google
14248861,Java
14248822,Self-driving car
14248720,Startups
14248699,Design
14248531,Apple
14248417,Blockchain
14248282,Design
14248030,Mobile
14247985,Security
14247829,Self-driving car
14247754,Startups
14247634,Amazon
14247514,Google
14247292,Microsoft
14247199,Microsoft
14247181,Python
14247178,Python
14247142,Security
14247055,Mobile
14247055,Apple
14247049,Mobile
14247046,Python
14246815,AI/Machine Learning
14246698,AI/Machine Learning
14246674,Politics
14246611,Mobile
14246407,Self-driving car
14246371,Microsoft
14246365,Startups
14246173,Mobile
14246122,Google
14246110,Linux
14246107,Security
14246068,Microsoft
14246032,Facebook
14245993,Startups
14245960,Security
14245909,Java
14245909,System Administration/Dev Ops
14245885,Databases
14245855,Databases
14245606,Design
14245603,Design
14245465,Javascript
14245462,Linux
14245447,Linux
14245429,AI/Machine Learning
14245384,Politics
14245366,Security
14245354,Databases
14245324,Startups
14245273,Facebook
14245270,Linux
14245252,Design
14245135,Javascript
14245066,Design
14244979,Microsoft
14244976,Microsoft
14244973,Microsoft
14244892,Startups
14244715,Microsoft
14244682,Mobile
14244664,Javascript
14244565,Blockchain
14244520,Blockchain
14244520,Politics
14244502,Javascript
14244457,Politics
14244364,Databases
14244259,Blockchain
14243890,Design
14243755,Mobile
14243755,Facebook
14243689,Security
14243623,System Administration/Dev Ops
14243548,Mobile
14243341,Linux
14243221,Startups
14242756,Blockchain
14242459,Mobile
14242450,AI/Machine Learning
14242417,Microsoft
14242180,Blockchain
14241970,Google
14241970,Apple
14241970,Amazon
14241763,Microsoft
14241331,Apple
14241289,Microsoft
14241232,Politics
14240956,Security
14240893,Python
14240707,Startups
14240620,Design
14240569,Design
14240470,AI/Machine Learning
14240389,Mobile
14240263,Mobile
14240125,Python
14239930,Politics
14239552,Startups
14239372,Google
14239117,Mobile
14239117,Google
14238877,Startups
14238796,Google
14238676,System Administration/Dev Ops
14238607,Python
14238370,Databases
14238226,Google
14238202,Google
14237986,Mobile
14237968,Microsoft
14237959,Mobile
14237875,Apple
14237689,Blockchain
14237674,Google
14237608,Apple
14237524,Microsoft
14237524,Linux
14237347,Facebook
14237266,Security
14237029,Politics
14236990,Databases
14236945,Blockchain
14236864,Linux
14236837,Facebook
14236732,Amazon
14236669,Javascript
14236603,Startups
14236534,Linux
14236414,Blockchain
14236378,Linux
14236360,Facebook
14236348,Microsoft
14236321,Google
14236252,System Administration/Dev Ops
14236240,Facebook
14236069,Mobile
14236069,Design
14236069,Apple
14236036,Javascript
14235955,Mobile
14235517,Amazon
14235442,Tesla
14235355,Facebook
14235340,Linux
14235031,Mobile
14234956,Security
14234941,Amazon
14234872,Security
14234734,Javascript
14234671,Politics
14234593,Design
14234356,Politics
14234356,Linux
14234107,System Administration/Dev Ops
14234068,System Administration/Dev Ops
14233951,Facebook
14233765,Politics
14233645,Security
14233543,Tesla
14233423,Google
14233225,Security
14233210,Microsoft
14233210,Startups
14233111,Amazon
14232670,Apple
14232571,Javascript
14232418,Java
14232364,Startups
14232136,Design
14231986,Mobile
14231611,Politics
14231353,Microsoft
14231353,Apple
14231074,Microsoft
14231008,Security
14231008,Politics
14230888,Design
14230888,Security
14230795,Google
14230600,Javascript
14230534,Security
14230078,Apple
14229745,Politics
14229412,Politics
14229400,Startups
14229304,Mobile
14229250,Linux
14229232,Politics
14229190,Javascript
14229079,Google
14229073,Linux
14228746,Javascript
14228620,AI/Machine Learning
14228371,Politics
14228314,Self-driving car
14228197,Mobile
14227876,Security
14227747,Linux
14227741,Security
14227681,Blockchain
14227678,Design
14227678,Databases
14227471,Linux
14227468,Blockchain
14227414,Mobile
14227297,AI/Machine Learning
14226823,Databases
14226790,Security
14226787,Amazon
14226730,Google
14226676,Mobile
14226574,Mobile
14226538,Python
14226538,AI/Machine Learning
14226274,Security
14226274,Google
14226259,Javascript
14226172,Politics
14226088,Apple
14225935,Google
14225854,Politics
14225362,Python
14225236,Mobile
14225011,Startups
14224984,Java
14224900,Google
14224900,Startups
14224714,Databases
14224417,Google
14224417,Facebook
14224159,Databases
14224141,Javascript
14224138,Security
14224126,Design
14223895,Amazon
14223517,Python
14223427,Databases
14223340,Startups
14223277,AI/Machine Learning
14223007,Design
14222998,AI/Machine Learning
14222923,Javascript
14222923,Self-driving car
14222734,Javascript
14222716,Javascript
14222680,Google
14222557,Politics
14222485,AI/Machine Learning
14222473,Google
14222473,Self-driving car
14222299,Politics
14222251,Tesla
14222194,Mobile
14222167,Politics
14221786,Security
14221738,Apple
14221669,Politics
14221567,Microsoft
14221411,Mobile
14221411,Security
14221108,Google
14221066,AI/Machine Learning
14220820,Databases
14220631,Javascript
14220631,Java
14220577,Google
14220577,Facebook
14220514,Linux
14220445,AI/Machine Learning
14220310,AI/Machine Learning
14220307,Javascript
14220253,Mobile
14220214,Startups
14220049,Mobile
14219965,Facebook
14219818,Google
14219752,Startups
14219677,Blockchain
14219677,Startups
14219629,Mobile
14219545,Security
14219527,Design
14219494,Facebook
14219485,System Administration/Dev Ops
14219416,Python
14219359,Politics
14219320,Databases
14219311,Mobile
14219266,AI/Machine Learning
14219194,Design
14219185,Mobile
14219176,Apple
14219152,Design
14219011,Databases
14218999,Javascript
14218843,Self-driving car
14218834,Google
14218801,Security
14218795,Mobile
14218789,Google
14218789,Facebook
14218780,Linux
14218762,Mobile
14218567,Startups
14218519,Politics
14218276,Facebook
14218276,Politics
14218270,Security
14218177,Javascript
14218099,Startups
14218036,Mobile
14217832,Google
14217772,Google
14217679,Security
14217679,Linux
14217643,Microsoft
14217634,Startups
14217583,Security
14217502,Mobile
14217502,Startups
14217481,Amazon
14217325,AI/Machine Learning
14217301,Javascript
14217250,Design
14217187,Politics
14217160,Politics
14216893,Mobile
14216563,Apple
14216563,Self-driving car
14216557,Startups
14216374,Linux
14216329,Security
14216164,Design
14216134,Blockchain
14215984,Google
14215972,Javascript
14215810,Javascript
14215798,Javascript
14215798,Security
14215771,Python
14215642,Design
14215450,Databases
14215393,Google
14215294,Startups
14215132,Apple
14215009,Self-driving car
14214751,AI/Machine Learning
14214700,Google
14214694,Amazon
14214421,AI/Machine Learning
14214382,Databases
14214367,Facebook
14214307,AI/Machine Learning
14214241,AI/Machine Learning
14214049,Apple
14213911,Politics
14213911,Databases
14213905,Self-driving car
14213809,Self-driving car
14213779,Google
14213707,Security
14213638,Google
14213638,Amazon
14213611,Tesla
14213608,Security
14213362,Mobile
14213362,AI/Machine Learning
14213260,Security
14212993,Design
14212960,Design
14212867,Design
14212843,Blockchain
14212837,Blockchain
14212810,Javascript
14212810,AI/Machine Learning
14212744,Facebook
14212741,Facebook
14212717,Mobile
14212717,Startups
14212657,Facebook
14212639,Startups
14212510,Startups
14212378,AI/Machine Learning
14212348,Politics
14212261,Design
14212114,Facebook
14212054,Design
14212051,Politics
14211928,Politics
14211850,AI/Machine Learning
14211724,Python
14211466,Python
14211196,Python
14210893,Startups
14210890,Startups
14210890,Politics
14210821,AI/Machine Learning
14210785,Mobile
14210704,Javascript
14210578,Mobile
14210362,Mobile
14210305,Google
14210212,Politics
14210209,Design
14210050,Design
14209843,Mobile
14209762,Startups
14209681,Facebook
14209639,Mobile
14209615,Databases
14209504,Javascript
14209498,Design
14209363,Mobile
14209363,Apple
14209159,Microsoft
14209102,Facebook
14208892,AI/Machine Learning
14208874,Politics
14208754,Mobile
14208751,Java
14208385,Blockchain
14208304,Startups
14208298,Mobile
14208298,Microsoft
14208268,Amazon
14208241,Politics
14208121,Microsoft
14208052,Mobile
14207947,Facebook
14207911,Linux
14207488,Security
14207380,Amazon
14207185,Google
14207116,Blockchain
14207107,Blockchain
14207062,Amazon
14207035,Security
14206798,Politics
14206690,Politics
14206630,Startups
14206615,Mobile
14206603,Microsoft
14206582,Mobile
14206567,Javascript
14206462,Security
14206321,Amazon
14206309,Microsoft
14206189,AI/Machine Learning
14206057,Politics
14205997,Politics
14205940,Self-driving car
14205742,Microsoft
14205715,Self-driving car
14205697,Politics
14205682,Design
14205472,Design
14205445,Politics
14205307,Javascript
14205307,Java
14205214,Google
14205145,Security
14205091,Linux
14205019,Politics
14204947,AI/Machine Learning
14204923,Amazon
14204884,Google
14204878,Politics
14204818,Security
14204812,Linux
14204794,AI/Machine Learning
14204761,Javascript
14204749,Python
14204728,AI/Machine Learning
14204719,Startups
14204719,Politics
14204548,Blockchain
14204506,Mobile
14204503,Amazon
14204248,Mobile
14204200,Google
14204191,Startups
14203870,Python
14203678,AI/Machine Learning
14203666,Security
14203633,Self-driving car
14203594,Amazon
14203462,Security
14203384,Startups
14203096,Databases
14202721,Google
14202712,Google
14202682,Javascript
14202658,Politics
14202607,Mobile
14202607,System Administration/Dev Ops
14202340,Javascript
14202340,Mobile
14202331,Startups
14202331,Politics
14202280,Google
14202280,Databases
14202268,Microsoft
14202208,Linux
14202124,Mobile
14202112,Microsoft
14202112,Apple
14202097,Amazon
14202088,Linux
14202034,Javascript
14201944,Blockchain
14201938,Facebook
14201923,Mobile
14201908,Security
14201869,Startups
14201839,Linux
14201827,Javascript
14201827,Design
14201776,AI/Machine Learning
14201770,Python
14201719,Blockchain
14201710,Javascript
14201374,Google
14201374,Microsoft
14201302,AI/Machine Learning
14201149,Tesla
14201119,Amazon
14201080,Design
14201068,Amazon
14201035,Facebook
14200987,Politics
14200978,System Administration/Dev Ops
14200849,Mobile
14200840,Startups
14200822,Google
14200816,Google
14200807,Mobile
14200807,Google
14200726,Mobile
14200708,Javascript
14200381,AI/Machine Learning
14200240,Apple
14200240,Self-driving car
14200222,Apple
14200147,Mobile
14199973,Javascript
14199904,Politics
14199664,Amazon
14199310,Microsoft
14199040,Mobile
14199040,Design
14198767,Startups
14198599,Mobile
14198542,Mobile
14197990,Mobile
14197990,Apple
14197975,Google
14197858,Microsoft
14197843,Apple
14197723,Databases
14197609,AI/Machine Learning
14197570,Politics
14197108,Facebook
14196763,AI/Machine Learning
14196724,Google
14196724,Amazon
14196637,Security
14196601,Linux
14196553,System Administration/Dev Ops
14196538,Design
14196538,Politics
14196502,Mobile
14196502,Linux
14196496,Security
14196475,Amazon
14196448,Startups
14196163,Design
14196121,Security
14196121,Politics
14196079,Security
14196052,Amazon
14196052,Startups
14196040,Javascript
14196034,Google
14196022,Startups
14332618,Politics
14332519,Blockchain
14332495,Apple
14332414,Security
14332414,Blockchain
14332387,Startups
14332129,Javascript
14332126,Security
14332111,Google
14332063,Design
14331919,Microsoft
14331883,Design
14331829,Javascript
14331754,Security
14331745,Security
14331745,Microsoft
14331727,Startups
14331709,Security
14331697,Security
14331694,Security
14331631,Microsoft
14331631,Politics
14331625,Facebook
14331601,Google
14331574,Microsoft
14331574,Politics
14331562,Apple
14331403,Design
14331208,Python
14331169,Security
14331160,Security
14331028,Java
14331022,Javascript
14331022,Microsoft
14331013,Javascript
14330977,Security
14330851,Startups
14330815,Security
14330752,Microsoft
14330752,Linux
14330713,Security
14330713,Politics
14330707,Google
14330443,Security
14330443,Microsoft
14330341,Tesla
14330320,Mobile
14330320,Apple
14330242,Google
14330224,Javascript
14330140,Java
14330071,Security
14330062,Mobile
14329972,Politics
14329834,Java
14329504,Self-driving car
14329429,Startups
14329375,Politics
14329372,Mobile
14329336,Politics
14329294,Security
14329207,Facebook
14329138,Microsoft
14329093,Tesla
14329030,Security
14329030,Politics
14328796,Microsoft
14328631,Amazon
14328574,Amazon
14328571,Security
14328547,Design
14328547,Microsoft
14328484,Mobile
14328484,Security
14328484,Apple
14328484,Politics
14328460,Javascript
14328460,Facebook
14328397,Security
14328388,Security
14328364,Politics
14328316,Politics
14327872,Politics
14327767,Facebook
14327683,Google
14327395,Politics
14327338,Security
14327320,Security
14327320,Politics
14327152,Security
14327107,Security
14326798,AI/Machine Learning
14326798,Linux
14326762,AI/Machine Learning
14326705,Google
14326579,Javascript
14326558,Security
14326555,Security
14326420,Design
14326369,Startups
14326363,Microsoft
14326120,Security
14326093,Security
14326063,Design
14326063,Microsoft
14326048,Security
14326027,Design
14326024,Self-driving car
14325946,Mobile
14325682,Security
14325538,Microsoft
14325508,Security
14325487,Security
14325400,Security
14325391,Blockchain
14325214,Security
14325121,Design
14325094,System Administration/Dev Ops
14325061,Databases
14324935,Security
14324908,Linux
14324863,Microsoft
14324818,Google
14324737,Security
14324644,Politics
14324485,Javascript
14324347,Javascript
14324317,Security
14324188,Security
14324158,Apple
14324134,Javascript
14324098,Politics
14324083,AI/Machine Learning
14324056,Microsoft
14324044,Google
14324041,Javascript
14324014,Python
14323969,Google
14323933,Javascript
14323933,Databases
14323903,Microsoft
14323903,Linux
14323882,Blockchain
14323834,Politics
14323792,Microsoft
14323624,Security
14323552,Amazon
14323465,Databases
14323177,Mobile
14323117,Python
14323096,AI/Machine Learning
14323090,Google
14323090,Facebook
14323045,AI/Machine Learning
14323021,System Administration/Dev Ops
14322910,Mobile
14322907,Mobile
14322907,Apple
14322880,Blockchain
14322880,Startups
14322829,Javascript
14322823,Security
14322772,Mobile
14322772,Politics
14322676,Apple
14322517,Python
14322409,Microsoft
14322397,Javascript
14322397,Mobile
14322328,Tesla
14322085,Design
14321887,Javascript
14321758,Mobile
14321605,Mobile
14321605,Design
14321572,Apple
14321527,Javascript
14321527,Microsoft
14321308,Microsoft
14321080,Python
14321059,Security
14321044,Self-driving car
14320924,Microsoft
14320738,Linux
14320609,Microsoft
14320393,Mobile
14320246,AI/Machine Learning
14319946,Apple
14319901,Microsoft
14319901,Linux
14319787,Self-driving car
14319727,Design
14319706,Javascript
14319706,Security
14319598,Startups
14319529,Microsoft
14319502,AI/Machine Learning
14319475,Self-driving car
14319469,Politics
14319460,Mobile
14319442,System Administration/Dev Ops
14319400,Mobile
14319400,Microsoft
14319397,Mobile
14319397,Microsoft
14319379,Microsoft
14319283,Design
14319253,Tesla
14319214,Mobile
14319214,Google
14319037,Apple
14318575,Java
14318563,Amazon
14318518,Apple
14318416,Security
14318416,Politics
14318386,Facebook
14318305,Google
14318302,Python
14318191,Facebook
14318143,Security
14318095,AI/Machine Learning
14318095,Startups
14317990,Politics
14317786,Politics
14317711,Mobile
14317597,System Administration/Dev Ops
14317594,Java
14317564,Microsoft
14317453,Microsoft
14317324,Blockchain
14317249,Mobile
14317249,Amazon
14317246,Microsoft
14317171,Design
14317171,Microsoft
14317168,Microsoft
14317138,Security
14317138,Google
14317108,Microsoft
14317090,AI/Machine Learning
14317090,Microsoft
14317081,Startups
14317063,Databases
14316808,Amazon
14316760,Python
14316715,Politics
14316703,Politics
14316667,Microsoft
14316499,Security
14316430,Security
14316334,Security
14316295,Microsoft
14316295,Databases
14316280,Linux
14316262,Politics
14316181,Mobile
14316181,Security
14316130,Google
14316106,Security
14316106,Databases
14316088,Politics
14316070,Google
14315890,Mobile
14315785,Microsoft
14315776,Google
14315734,AI/Machine Learning
14315716,Security
14315557,Google
14315557,Amazon
14315329,Databases
14315326,Startups
14315287,Mobile
14315251,Tesla
14315248,Mobile
14315125,Mobile
14315053,System Administration/Dev Ops
14315017,Blockchain
14315011,AI/Machine Learning
14314990,Microsoft
14314972,Security
14314972,Linux
14314945,Amazon
14314900,Microsoft
14314873,Design
14314792,Mobile
14314792,Security
14314783,Mobile
14314783,Apple
14314732,Javascript
14314630,Startups
14314486,Mobile
14314459,Python
14314090,Linux
14313985,Javascript
14313985,Google
14313952,Mobile
14313667,Javascript
14313652,Mobile
14313490,Security
14313391,Politics
14313349,Design
14313280,Java
14313151,Python
14312821,Javascript
14312821,Facebook
14312794,Javascript
14312743,AI/Machine Learning
14312419,Politics
14312326,Design
14312287,Security
14312287,Google
14312284,Python
14312239,Security
14312239,Microsoft
14312203,Google
14312131,Javascript
14312110,Databases
14312074,Microsoft
14311942,Security
14311894,Javascript
14311789,Mobile
14311672,Microsoft
14311633,Blockchain
14311510,Tesla
14311438,Security
14311357,Facebook
14311321,Microsoft
14311270,Google
14311138,Microsoft
14311105,Facebook
14311033,Microsoft
14311027,Google
14310994,Startups
14310826,Tesla
14310727,Design
14310637,Mobile
14310451,Microsoft
14310325,Google
14310325,Facebook
14310100,Tesla
14309974,Mobile
14309755,Linux
14309662,Databases
14309548,Startups
14309467,Microsoft
14309464,Microsoft
14309401,Startups
14309386,Microsoft
14309245,Startups
14309176,Politics
14309164,Startups
14309089,Databases
14309056,Amazon
14308843,Javascript
14308774,Mobile
14308774,Politics
14308708,Microsoft
14308651,Design
14308501,Mobile
14308474,Microsoft
14308411,Google
14308303,Design
14308285,Blockchain
14308252,Apple
14308189,Databases
14308174,Startups
14308102,Security
14308063,AI/Machine Learning
14307979,Politics
14307964,Microsoft
14307958,Microsoft
14307883,Javascript
14307784,Python
14307676,Self-driving car
14307622,Design
14307595,Mobile
14307490,Microsoft
14307472,Google
14307451,Google
14307451,Microsoft
14307397,Python
14307331,Microsoft
14307304,Google
14307298,Apple
14307286,Politics
14307265,Mobile
14307205,Mobile
14307166,Design
14307142,Linux
14307133,Politics
14307094,Design
14306869,Facebook
14306866,Tesla
14306716,Design
14306656,Amazon
14306536,Mobile
14306509,Mobile
14306461,Apple
14306395,Mobile
14306353,Javascript
14306341,Mobile
14306317,Mobile
14306299,Javascript
14306284,Security
14306281,Databases
14306173,Security
14306140,Apple
14306038,Databases
14305963,Politics
14305735,Politics
14305693,Politics
14305645,Security
14305639,Linux
14305546,Blockchain
14305468,Mobile
14305420,Startups
14305252,Apple
14305240,Politics
14305111,Python
14305042,Mobile
14305042,Apple
14304796,Linux
14304757,Amazon
14304748,System Administration/Dev Ops
14304736,Amazon
14304571,Google
14304496,Politics
14304307,Security
14304304,AI/Machine Learning
14304187,Politics
14304178,Politics
14304127,Politics
14304106,AI/Machine Learning
14304088,Politics
14304076,Politics
14303992,Politics
14303914,Microsoft
14303911,Python
14303713,Mobile
14303680,Politics
14303635,Mobile
14303614,Mobile
14303446,Startups
14303365,Startups
14303209,Microsoft
14302777,Mobile
14302750,Microsoft
14302513,Databases
14302426,Amazon
14302375,Amazon
14302306,Politics
14302285,Javascript
14302225,Javascript
14302165,Google
14302102,Politics
14302099,AI/Machine Learning
14302060,Linux
14301991,AI/Machine Learning
14301868,Politics
14301670,Linux
14301214,Design
14301154,Facebook
14301118,Microsoft
14301082,Python
14301004,Facebook
14300530,Mobile
14300449,Microsoft
14300401,Amazon
14300362,Security
14300314,Design
14300305,Security
14300254,Startups
14300191,Mobile
14300191,Google
14300191,Linux
14300161,Google
14300110,Python
14300038,Databases
14299876,Google
14299876,Microsoft
14299876,Apple
14299792,Javascript
14299720,Javascript
14299705,AI/Machine Learning
14299573,Blockchain
14299555,Linux
14299552,Javascript
14299483,Politics
14299480,Security
14299462,Mobile
14299390,Apple
14299345,Amazon
14299339,Mobile
14299315,Linux
14299306,Google
14299201,Politics
14299153,Databases
14299012,Javascript
14298994,Politics
14298964,Python
14298958,System Administration/Dev Ops
14298955,Mobile
14298859,Facebook
14298784,Google
14298664,Python
14298643,Security
14298643,Microsoft
14298631,Startups
14298622,Mobile
14298613,Apple
14298469,Microsoft
14298463,Startups
14298412,Databases
14298226,Politics
14298163,Google
14298163,Microsoft
14298157,Apple
14298154,Mobile
14298043,Design
14297941,Apple
14297905,Startups
14297833,Politics
14297683,Self-driving car
14297329,Mobile
14297308,Mobile
14297305,Google
14297296,Self-driving car
14297257,Design
14297257,Google
14297185,Facebook
14297053,Microsoft
14297023,AI/Machine Learning
14297023,Databases
14296996,Politics
14296930,Security
14296930,Microsoft
14296882,Microsoft
14296735,Design
14296708,AI/Machine Learning
14296555,Java
14296555,Mobile
14296555,Microsoft
14296093,Startups
14296090,Security
14295922,AI/Machine Learning
14295820,Design
14295655,Security
14295475,Tesla
14295439,Javascript
14295430,Javascript
14295226,Design
14294980,Apple
14294935,Startups
14294917,Mobile
14294863,Google
14294830,Politics
14294725,Politics
14294671,Javascript
14294572,Javascript
14294464,Blockchain
14294404,AI/Machine Learning
14294356,System Administration/Dev Ops
14294077,Google
14294077,Apple
14293858,Javascript
14293828,Startups
14293597,Mobile
14293591,Databases
14293552,Mobile
14293552,Politics
14293528,System Administration/Dev Ops
14293507,Startups
14293366,Tesla
14293342,Google
14293240,Amazon
14293240,Databases
14292964,Startups
14292634,Design
14292418,Javascript
14292133,Startups
14292088,Facebook
14292073,Startups
14291905,Design
14291428,Design
14290990,Databases
14290957,Design
14290951,Javascript
14290945,Microsoft
14290927,AI/Machine Learning
14290924,Amazon
14290876,Javascript
14290789,Databases
14290783,Startups
14290654,Databases
14290480,Javascript
14290363,Google
14290210,Python
14290195,Facebook
14290132,Java
14290096,Mobile
14289967,Startups
14289928,Politics
14289922,Microsoft
14289919,Politics
14289916,Facebook
14289847,Politics
14289820,Python
14289751,Security
14289721,Linux
14289604,Mobile
14289484,Microsoft
14288914,Security
14288536,Startups
14288356,AI/Machine Learning
14288278,Mobile
14288209,Blockchain
14288182,Tesla
14288059,Design
14288029,AI/Machine Learning
14287888,Mobile
14287879,Databases
14287828,Apple
14287615,Blockchain
14287312,Linux
14287255,Startups
14287006,Design
14286823,Python
14286745,Microsoft
14286745,Linux
14286613,Python
14286259,Databases
14286130,AI/Machine Learning
14286022,Javascript
14286016,Linux
14285953,Politics
14285881,Mobile
14285881,Blockchain
14285854,Python
14285731,Startups
14285710,Design
14285599,Design
14285389,Microsoft
14285326,Google
14284972,Mobile
14284972,Design
14284852,Facebook
14284756,Javascript
14284594,Google
14284405,Mobile
14284273,Mobile
14284273,Design
14284183,Google
14283751,Mobile
14283751,Design
14283742,Microsoft
14282689,Amazon
14282233,Design
14282200,Javascript
14281957,Security
14281921,AI/Machine Learning
14281903,Security
14281903,Google
14281891,Security
14281705,Javascript
14281639,Linux
14281363,Microsoft
14281222,Javascript
14281153,Security
14280739,Databases
14280649,AI/Machine Learning
14280625,Google
14280622,Security
14280622,Startups
14280607,Google
14280484,Javascript
14280136,Microsoft
14279932,Python
14279893,Security
14279761,System Administration/Dev Ops
14279653,Google
14279536,Security
14279389,Javascript
14279371,Javascript
14279350,AI/Machine Learning
14279311,Google
14279311,Facebook
14279116,Microsoft
14278810,Java
14278468,Security
14278357,AI/Machine Learning
14278009,Databases
14277346,Security
14277292,Java
14277202,Google
14277040,Startups
14276752,Blockchain
14276566,Amazon
14276158,Mobile
14275987,Self-driving car
14275933,Databases
14275813,Startups
14275774,Javascript
14275711,Javascript
14275696,Databases
14275642,Mobile
14268945,Facebook
14268693,AI/Machine Learning
14268648,Google
14268648,Microsoft
14268591,Javascript
14268129,Microsoft
14268096,Blockchain
14267943,Python
14267796,Mobile
14267691,Databases
14267682,Facebook
14267466,Tesla
14267424,Microsoft
14267370,Mobile
14267157,Self-driving car
14266998,Facebook
14266887,Security
14266632,Tesla
14266521,Google
14266347,Apple
14266185,Blockchain
14266164,Linux
14266128,Security
14266104,Google
14265936,Apple
14265924,AI/Machine Learning
14265831,Mobile
14265828,AI/Machine Learning
14265825,Java
14265756,Mobile
14265717,Google
14265717,Self-driving car
14265645,System Administration/Dev Ops
14265606,Apple
14265426,Startups
14265411,Microsoft
14265336,AI/Machine Learning
14265252,Python
14265213,Startups
14265177,Security
14264922,Mobile
14264844,Javascript
14264844,Microsoft
14264811,Design
14264796,Tesla
14264688,Tesla
14264652,AI/Machine Learning
14264598,Politics
14264568,Apple
14264517,Amazon
14264505,Google
14264505,Facebook
14264502,Politics
14264487,Databases
14264481,Javascript
14264451,Databases
14264412,Javascript
14264370,Apple
14264340,Politics
14264301,Startups
14264268,System Administration/Dev Ops
14264211,Design
14264001,Mobile
14263989,Design
14263875,Security
14263857,Security
14263770,Apple
14263764,Mobile
14263644,Databases
14263560,Javascript
14263332,Linux
14263323,Amazon
14263317,Linux
14263251,Security
14263251,Google
14263221,Mobile
14263161,Python
14263152,Mobile
14263125,Tesla
14263071,Design
14263038,Design
14262975,Politics
14262882,Politics
14262840,Apple
14262828,Apple
14262822,Apple
14262759,Google
14262642,Security
14262642,Google
14262633,Mobile
14262573,Security
14262459,Design
14262456,Mobile
14262396,Blockchain
14262090,System Administration/Dev Ops
14262021,Mobile
14261907,Startups
14261880,Linux
14261781,Linux
14261775,Amazon
14261751,Politics
14261559,Mobile
14261520,Microsoft
14261520,Apple
14261502,Python
14261481,Security
14261454,AI/Machine Learning
14261238,Amazon
14261154,Mobile
14261154,Microsoft
14261154,Linux
14261109,Apple
14261019,Security
14260995,Google
14260761,Microsoft
14260473,Tesla
14260380,Blockchain
14260320,Design
14260284,Politics
14260098,AI/Machine Learning
14260068,Startups
14260041,Blockchain
14259906,Python
14259906,Java
14259819,Javascript
14259810,Javascript
14259627,Mobile
14259627,Amazon
14259612,Facebook
14259579,Tesla
14259567,Javascript
14259474,Linux
14259456,Politics
14259309,Facebook
14259306,Javascript
14259279,Security
14259279,Google
14259252,Google
14259240,Security
14259138,Design
14258907,Mobile
14258904,Self-driving car
14258805,Politics
14258802,Politics
14258520,Apple
14258373,Mobile
14258199,Python
14257821,Mobile
14257719,Javascript
14257689,Amazon
14257689,Startups
14257527,Politics
14257407,Facebook
14257374,Microsoft
14257353,Design
14257350,System Administration/Dev Ops
14257335,Startups
14257308,Amazon
14257002,Startups
14256765,Mobile
14256765,AI/Machine Learning
14256759,Design
14256567,Amazon
14256441,Startups
14256375,Microsoft
14256180,Startups
14256156,Startups
14256075,Facebook
14255925,Mobile
14255874,Python
14255685,Javascript
14255685,Java
14255673,Self-driving car
14255646,Politics
14255631,Javascript
14255616,Design
14255589,Politics
14255430,Microsoft
14255421,Politics
14255301,Politics
14255247,Microsoft
14255160,AI/Machine Learning
14255112,Security
14255004,Javascript
14254974,Startups
14254851,Facebook
14254572,Microsoft
14254494,Databases
14254425,Apple
14254416,Mobile
14254263,Google
14254263,Politics
14254233,Mobile
14254143,Startups
14254122,Mobile
14254119,Mobile
14254104,Security
14253870,Apple
14253729,Javascript
14253543,Python
14253543,Design
14253321,Microsoft
14253318,Microsoft
14253285,Politics
14253117,Google
14253033,Microsoft
14252928,Google
14252910,Startups
14252781,Apple
14252772,Facebook
14252727,Politics
14252454,Apple
14252412,Microsoft
14251776,Security
14251713,System Administration/Dev Ops
14251632,Mobile
14251539,Mobile
14251272,Databases
14250705,Javascript
14250579,Java
14250555,Design
14250360,Mobile
14250360,Google
14250234,Python
14249706,Startups
14249406,Security
14249178,Facebook
14249151,Apple
14249010,Google
14248734,Python
14248662,Javascript
14248632,Javascript
14248626,Facebook
14248539,Javascript
14248503,Java
14248488,System Administration/Dev Ops
14248338,Javascript
14248206,Facebook
14248179,Design
14247810,Mobile
14247804,Microsoft
14247783,Databases
14247615,Linux
14247459,Microsoft
14247333,Politics
14247324,Microsoft
14247240,Politics
14247204,Blockchain
14247192,Microsoft
14247183,Microsoft
14247183,Apple
14247183,Facebook
14247183,Amazon
14247117,Java
14247012,Blockchain
14246928,Python
14246907,Blockchain
14246901,Security
14246853,Google
14246826,Facebook
14246796,Javascript
14246796,Mobile
14246583,Politics
14246490,Self-driving car
14246457,Microsoft
14246415,Facebook
14246148,Microsoft
14246091,Startups
14245908,Mobile
14245842,Politics
14245794,Design
14245782,Startups
14245782,Politics
14245695,Security
14245656,Javascript
14245641,Apple
14245602,Politics
14245569,Mobile
14245428,Security
14245317,Startups
14245305,Mobile
14245305,AI/Machine Learning
14245299,Facebook
14245224,Startups
14245164,Startups
14245161,Linux
14245155,Startups
14245119,Databases
14245083,Security
14245074,Design
14244879,Google
14244870,Apple
14244726,Startups
14244681,Politics
14244639,Mobile
14244639,Linux
14244585,Politics
14244558,Apple
14244513,Java
14244375,Python
14244369,Mobile
14244051,Design
14243433,Security
14243064,Mobile
14242965,Google
14242965,Apple
14242965,Amazon
14242812,Google
14242659,Google
14242620,Blockchain
14242620,Politics
14242221,Security
14242203,Google
14241543,AI/Machine Learning
14241528,Design
14241474,Blockchain
14241090,Javascript
14240652,Google
14240604,System Administration/Dev Ops
14240589,Google
14240586,Facebook
14239953,Amazon
14239947,Blockchain
14239884,Java
14239857,Javascript
14239746,Facebook
14239725,Apple
14239671,Security
14239458,Design
14239458,AI/Machine Learning
14239101,Blockchain
14238933,Mobile
14238891,Google
14238735,Javascript
14238672,Microsoft
14238642,Python
14238453,Design
14238000,Javascript
14237934,Tesla
14237931,Microsoft
14237718,Linux
14237682,Blockchain
14237607,Politics
14237571,Blockchain
14237352,Mobile
14237346,Apple
14237298,Politics
14237280,Mobile
14237280,Security
14237235,Google
14237211,AI/Machine Learning
14237058,Startups
14236983,Facebook
14236950,Politics
14236746,Google
14236746,Microsoft
14236746,Linux
14236626,Java
14236605,Python
14236539,Mobile
14236500,Security
14236500,Databases
14236473,Design
14236386,Startups
14236269,Self-driving car
14236080,Mobile
14235993,Mobile
14235987,Java
14235852,Design
14235846,Amazon
14235744,Databases
14235741,AI/Machine Learning
14235648,Blockchain
14235582,Mobile
14235459,Mobile
14235246,Politics
14235129,Politics
14234931,Amazon
14234889,Mobile
14234877,Mobile
14234562,Javascript
14234448,Design
14234379,Google
14234298,AI/Machine Learning
14234250,Amazon
14233776,AI/Machine Learning
14233749,Startups
14233641,Google
14233560,Security
14233485,Security
14233203,Linux
14233095,AI/Machine Learning
14233062,Politics
14233032,Blockchain
14232939,Security
14232669,Google
14232435,Javascript
14232300,Databases
14232138,Javascript
14231892,Design
14231892,Linux
14231790,Javascript
14231625,AI/Machine Learning
14231574,Startups
14231547,Mobile
14231472,Politics
14231199,Politics
14231133,Linux
14231097,Microsoft
14231037,Politics
14230905,Mobile
14230893,Python
14230728,Microsoft
14230677,Databases
14230665,Security
14230509,Security
14230431,Mobile
14230389,Politics
14230326,Google
14230293,Design
14230275,Startups
14229645,Microsoft
14229633,Microsoft
14229330,Startups
14228556,Startups
14228508,AI/Machine Learning
14228454,Java
14227950,Google
14227827,Facebook
14227827,Startups
14227815,Mobile
14227644,Politics
14227422,Amazon
14227395,Security
14227317,Mobile
14227308,Python
14227248,Startups
14227131,Javascript
14227062,Javascript
14227047,Javascript
14226690,Startups
14226591,Blockchain
14226564,Linux
14226525,Javascript
14226519,Politics
14226516,AI/Machine Learning
14226513,Politics
14226444,Databases
14226348,Java
14226261,Javascript
14226234,Design
14226192,Linux
14225988,Startups
14225883,Politics
14225613,Design
14225478,AI/Machine Learning
14225433,Google
14225430,Python
14225430,Design
14225367,Politics
14225349,AI/Machine Learning
14225340,Amazon
14225301,Security
14225256,Design
14225193,Politics
14224533,Apple
14224506,Apple
14224452,Javascript
14224452,Security
14224005,Apple
14223957,Security
14223630,Politics
14223501,Google
14223075,Design
14222994,Databases
14222781,Apple
14222763,Tesla
14222721,Databases
14222688,Microsoft
14222688,Apple
14222688,Linux
14222673,Security
14222673,Politics
14222586,AI/Machine Learning
14222493,Javascript
14222472,Design
14222472,Startups
14222469,Microsoft
14222040,Apple
14221929,Linux
14221701,Javascript
14221587,Google
14221581,Politics
14221482,Security
14221338,Security
14221326,System Administration/Dev Ops
14221302,Python
14221302,AI/Machine Learning
14221110,Apple
14221041,Google
14221032,Security
14221032,Google
14221032,Facebook
14221005,Mobile
14220972,Python
14220954,Mobile
14220816,Google
14220780,Blockchain
14220771,Blockchain
14220696,Python
14220672,Mobile
14220642,Java
14220642,Microsoft
14220642,Linux
14220627,Javascript
14220510,Apple
14220264,Mobile
14220171,Security
14219538,Mobile
14219499,Google
14219400,Java
14219316,AI/Machine Learning
14219307,Mobile
14219190,Mobile
14219118,Security
14219118,AI/Machine Learning
14219049,Security
14218980,Politics
14218953,System Administration/Dev Ops
14218920,Javascript
14218881,Politics
14218872,Security
14218845,Google
14218839,Microsoft
14218809,Politics
14218797,Startups
14218794,Security
14218722,Mobile
14218572,Google
14218560,Google
14218560,Facebook
14218239,AI/Machine Learning
14218113,Self-driving car
14218098,Politics
14218089,Mobile
14218038,Mobile
14218017,Databases
14218008,Mobile
14217984,Startups
14217984,Politics
14217870,Security
14217864,Design
14217864,AI/Machine Learning
14217798,Google
14217771,Apple
14217771,Self-driving car
14217606,AI/Machine Learning
14217429,Security
14217321,Google
14217279,Apple
14217246,Startups
14217165,Javascript
14217093,Linux
14217066,Javascript
14217066,Google
14217039,Blockchain
14217006,Databases
14216883,Facebook
14216760,Google
14216727,AI/Machine Learning
14216676,Startups
14216676,Politics
14216592,Facebook
14216529,Security
14216520,Design
14216472,Mobile
14216472,Design
14216334,Java
14216172,Politics
14216136,Mobile
14216079,Design
14216028,System Administration/Dev Ops
14215836,Google
14215836,Facebook
14215551,System Administration/Dev Ops
14215416,Startups
14215344,Blockchain
14215320,Mobile
14215125,Politics
14215077,Facebook
14214840,AI/Machine Learning
14214810,Self-driving car
14214753,Amazon
14214741,Microsoft
14214687,Amazon
14214648,Javascript
14214498,Javascript
14214465,Facebook
14214342,Politics
14214285,Tesla
14214237,Startups
14214237,Politics
14214219,Microsoft
14214123,Startups
14214096,Startups
14214027,Facebook
14213856,Amazon
14213847,Mobile
14213829,System Administration/Dev Ops
14213724,Mobile
14213712,Mobile
14213679,Mobile
14213610,Design
14213601,Mobile
14213601,Amazon
14213586,Apple
14213568,Javascript
14213550,AI/Machine Learning
14213529,Facebook
14213370,Startups
14213370,Politics
14213349,Javascript
14213310,Javascript
14213223,Google
14213172,Apple
14213163,Facebook
14213163,Politics
14213139,Mobile
14213115,Startups
14213106,Security
14213106,Politics
14213055,Startups
14212989,Google
14212887,Security
14212878,Google
14212674,Javascript
14212662,Google
14212662,Facebook
14212647,Google
14212647,Self-driving car
14212575,Mobile
14212395,AI/Machine Learning
14212362,Security
14212326,Facebook
14212284,Blockchain
14212278,AI/Machine Learning
14211975,Politics
14211963,Mobile
14211819,Facebook
14211654,Amazon
14211465,Google
14211357,Design
14211252,System Administration/Dev Ops
14211162,Design
14211117,Politics
14211075,Linux
14211048,AI/Machine Learning
14211039,Blockchain
14211039,Startups
14211027,Google
14210955,Google
14210904,Startups
14210898,Startups
14210895,Startups
14210886,Startups
14210868,Javascript
14210853,Security
14210628,Javascript
14210601,Google
14210586,Startups
14210553,Politics
14210472,Security
14210412,Databases
14210406,Microsoft
14210370,Mobile
14210352,Politics
14210265,Mobile
14209980,AI/Machine Learning
14209944,Amazon
14209776,Security
14209734,Security
14209728,Blockchain
14209647,Javascript
14209440,Javascript
14209044,Apple
14209023,Mobile
14208975,Microsoft
14208942,Politics
14208882,Microsoft
14208681,Apple
14208645,Databases
14208444,Mobile
14208444,Microsoft
14208417,Politics
14208324,Startups
14208231,Facebook
14208108,Facebook
14207874,Design
14207787,Politics
14207775,Mobile
14207775,Security
14207700,Politics
14207697,Mobile
14207697,Amazon
14207589,Javascript
14207478,AI/Machine Learning
14207256,AI/Machine Learning
14206983,Google
14206974,Politics
14206920,Facebook
14206869,Javascript
14206497,Mobile
14206491,AI/Machine Learning
14206245,Mobile
14206014,Mobile
14206014,Microsoft
14205717,Self-driving car
14205522,Politics
14205432,Google
14205375,Mobile
14205306,Facebook
14205126,Amazon
14205030,Javascript
14204931,Facebook
14204829,Blockchain
14204829,Startups
14204802,Google
14204793,Security
14204793,Linux
14204778,Blockchain
14204778,Startups
14204697,Security
14204661,Apple
14204598,Microsoft
14204541,Startups
14204535,Politics
14204529,Javascript
14204517,Amazon
14204355,Javascript
14204313,Google
14204214,Design
14204118,Google
14204112,Apple
14204043,Linux
14204028,Security
14204025,Mobile
14203995,Politics
14203842,Politics
14203722,Design
14203653,Security
14203593,Javascript
14203491,Design
14203491,System Administration/Dev Ops
14203476,Mobile
14203476,Linux
14203431,Linux
14203401,AI/Machine Learning
14203377,Javascript
14203227,Mobile
14203197,Politics
14203038,Microsoft
14203023,Startups
14202987,Startups
14202951,Python
14202822,AI/Machine Learning
14202801,Design
14202792,Startups
14202663,Javascript
14202600,Apple
14202579,Databases
14202342,Javascript
14202291,Facebook
14202273,Startups
14202210,Javascript
14202174,Javascript
14202081,Mobile
14201931,Design
14201802,Design
14201340,Design
14201163,Amazon
14201136,Blockchain
14201088,AI/Machine Learning
14200989,Mobile
14200929,Apple
14200566,Mobile
14200446,Facebook
14200365,Facebook
14200311,Apple
14200116,Blockchain
14200098,Facebook
14200056,Security
14199975,Mobile
14199762,Google
14199351,Security
14198937,Microsoft
14198796,Mobile
14198796,Startups
14198721,Politics
14198712,AI/Machine Learning
14198646,Mobile
14198598,Politics
14198553,Design
14198487,Self-driving car
14198229,Self-driving car
14198184,Linux
14197443,Microsoft
14197335,AI/Machine Learning
14197230,Politics
14197197,Startups
14197149,Microsoft
14197149,Linux
14197026,Startups
14196804,Design
14196714,Microsoft
14196714,Facebook
14196711,Mobile
14196456,AI/Machine Learning
14196270,Google
14196270,Self-driving car
14196234,Google
14196186,Java
14196186,Mobile
14196018,Security
14195958,Mobile
14195889,Java
14195844,System Administration/Dev Ops
14195838,Politics
14195745,Politics
14195655,Javascript
14195277,Security
14195001,Startups
14194974,Amazon
14194845,Google
14194821,Facebook
14194632,Databases
14194605,Javascript
14194500,Google
14194416,Startups
14194353,Google
14194350,Design
14194350,Security
14194287,Design
14194260,Politics
14194221,Blockchain
14194146,Tesla
14194089,Google
14193969,Javascript
14193969,AI/Machine Learning
14193885,Javascript
14193882,Java
14193858,Security
14193702,Security
14193702,Google
14193561,Google
14193519,Facebook
14193363,Security
14193363,System Administration/Dev Ops
14193162,Self-driving car
14193132,Mobile
14193027,Startups
14192829,Security
14192829,Microsoft
14192760,Microsoft
14192628,Javascript
14192514,Linux
14192436,Security
14192433,Self-driving car
14192346,Databases
14192208,Facebook
14192154,Mobile
14192154,Politics
14192094,Amazon
14192088,AI/Machine Learning
14191983,Javascript
14191860,Linux
14191797,Mobile
14191506,Startups
14191500,Python
14191473,Self-driving car
14191398,Apple
14191278,Politics
14191266,Mobile
14191257,Design
14191251,Amazon
14191089,Mobile
14191089,AI/Machine Learning
14191089,Google
14191053,Startups
14190990,Google
14190453,Startups
14190438,Mobile
14190387,Amazon
14190273,Databases
14190267,Self-driving car
14190267,Linux
14190147,Python
14190108,Microsoft
14190054,Google
14189691,Microsoft
14189547,Databases
14189463,Google
14189352,Startups
14189232,Javascript
14189058,Google
14188416,Design
14188023,Python
14187816,Linux
14187783,Security
14187768,Politics
14187522,Startups
14187504,Politics
14187414,AI/Machine Learning
14186874,Politics
14186844,Javascript
14186817,Apple
14186721,Google
14186715,Security
14186709,Politics
14186436,Amazon
14186427,Python
14186427,AI/Machine Learning
14186391,AI/Machine Learning
14186265,Tesla
14186100,Security
14185965,Javascript
14185905,Apple
14185803,AI/Machine Learning
14185728,Security
14185605,Design
14185596,Startups
14185545,Google
14185530,Amazon
14185431,Apple
14185365,Javascript
14185353,Security
14185323,Javascript
14185167,Mobile
14185167,Google
14185068,Google
14185056,Javascript
14185005,Facebook
14184960,Apple
14184912,Politics
14184507,Startups
14184498,Mobile
14184474,Python
14184432,Javascript
14184429,Google
14184417,Design
14184366,Mobile
14184312,Facebook
14184252,Java
14184150,Startups
14184087,Javascript
14183991,Linux
14183844,Design
14183844,Google
14183757,Google
14183727,Mobile
14183727,Apple
14183700,Databases
14183646,Politics
14183442,Security
14183409,Tesla
14183361,Databases
14183328,Google
14183280,Design
14183151,Python
14183145,System Administration/Dev Ops
14183124,Security
14183121,System Administration/Dev Ops
14183043,Python
14182953,AI/Machine Learning
14182911,Self-driving car
14332581,Security
14332380,Javascript
14332380,Security
14332311,Javascript
14332188,Microsoft
14332083,Javascript
14332083,Mobile
14331681,Design
14331513,Security
14331429,Databases
14331327,Startups
14331279,Mobile
14331237,Apple
14331192,Facebook
14331162,Blockchain
14331096,Mobile
14331090,Blockchain
14331084,Mobile
14331033,Amazon
14330859,Amazon
14330856,Mobile
14330820,Databases
14330754,Mobile
14330721,Javascript
14330562,Microsoft
14330547,Security
14330364,Mobile
14330301,Security
14330157,Javascript
14330157,Mobile
14330088,Javascript
14330079,Mobile
14330064,Python
14330040,Security
14330037,AI/Machine Learning
14330034,Security
14329962,Politics
14329956,Javascript
14329914,Security
14329914,Microsoft
14329911,Mobile
14329818,Mobile
14329668,AI/Machine Learning
14329575,Mobile
14329491,Security
14329440,Javascript
14329401,Python
14329251,Javascript
14329197,AI/Machine Learning
14329140,Design
14329119,Politics
14329020,Mobile
14328921,Security
14328918,Microsoft
14328798,Microsoft
14328747,Politics
14328735,Security
14328684,Security
14328684,AI/Machine Learning
14328264,Security
14328102,Mobile
14328102,Google
14327967,Design
14327967,Microsoft
14327922,Google
14327679,AI/Machine Learning
14327523,Security
14327343,Javascript
14327343,Security
14327208,Microsoft
14327115,Politics
14327088,Javascript
14326989,Self-driving car
14326959,Javascript
14326824,Security
14326824,Politics
14326626,Amazon
14326611,Self-driving car
14326512,Mobile
14326416,Python
14326416,Microsoft
14326245,Amazon
14326245,Startups
14326209,Politics
14326206,Security
14326104,Security
14325858,Design
14325813,Google
14325813,Facebook
14325750,Startups
14325747,Startups
14325669,Self-driving car
14325624,Javascript
14325621,Politics
14325531,Security
14325531,Politics
14325516,Python
14325492,Amazon
14325213,Security
14325213,Blockchain
14325153,Security
14325132,Microsoft
14325099,Security
14324979,Politics
14324955,Microsoft
14324955,Linux
14324916,Security
14324865,Startups
14324709,Facebook
14324700,Design
14324670,Politics
14324589,System Administration/Dev Ops
14324406,Javascript
14324406,Facebook
14324391,Security
14324379,Mobile
14324220,Politics
14324178,Linux
14324139,Python
14324082,Politics
14324046,Microsoft
14324019,Tesla
14323734,Facebook
14323704,Tesla
14323659,Design
14323587,AI/Machine Learning
14323575,Google
14323374,Databases
14323284,Mobile
14323275,Javascript
14323233,Mobile
14323119,Startups
14323113,Python
14323059,Apple
14322975,Security
14322975,Linux
14322939,Politics
14322789,Apple
14322702,Startups
14322672,Design
14322657,Javascript
14322576,Design
14322549,Startups
14322546,Javascript
14322513,System Administration/Dev Ops
14322471,Politics
14322240,Javascript
14322201,Politics
14322093,Databases
14322072,Mobile
14321817,Politics
14321688,Google
14321397,Microsoft
14321343,Politics
14321199,Blockchain
14321088,Microsoft
14321025,Javascript
14320998,Politics
14320914,Startups
14320860,Design
14320860,Microsoft
14320857,Facebook
14320839,Politics
14320701,Mobile
14320155,Facebook
14320029,Blockchain
14319810,Startups
14319774,Databases
14319750,Javascript
14319669,Python
14319633,Facebook
14319468,Design
14319465,Security
14319348,Apple
14319342,AI/Machine Learning
14319327,Python
14319297,Security
14319261,Javascript
14319159,Startups
14319093,Design
14319015,Mobile
14318994,Google
14318841,Microsoft
14318832,Mobile
14318754,Mobile
14318700,Mobile
14318466,Startups
14318466,Self-driving car
14318406,Microsoft
14318358,Microsoft
14318313,Databases
14318250,Databases
14318241,Security
14317977,Security
14317971,Blockchain
14317770,Microsoft
14317698,Amazon
14317659,Startups
14317482,Microsoft
14317437,Design
14317332,Microsoft
14317182,Facebook
14317050,Java
14316831,Python
14316822,Javascript
14316807,Design
14316639,Startups
14316636,System Administration/Dev Ops
14316537,System Administration/Dev Ops
14316441,Mobile
14316411,Mobile
14316399,Javascript
14316354,Microsoft
14316141,Politics
14316075,Microsoft
14315958,Design
14315904,AI/Machine Learning
14315769,Amazon
14315658,Design
14315643,Mobile
14315628,Politics
14315625,Startups
14315619,Mobile
14315598,Javascript
14315583,Design
14315520,Java
14315502,Security
14315397,Blockchain
14315352,Databases
14315307,Startups
14315235,Google
14315232,Mobile
14315202,Python
14315133,Javascript
14315106,Google
14315073,Apple
14314944,Design
14314929,Startups
14314926,Politics
14314866,Security
14314764,Politics
14314713,Microsoft
14314668,Microsoft
14314617,Blockchain
14314569,Politics
14314452,Microsoft
14314452,Linux
14314386,Microsoft
14314380,Microsoft
14314218,Mobile
14314215,Mobile
14314149,Python
14314068,Amazon
14314062,Security
14313969,Politics
14313837,Javascript
14313837,Microsoft
14313720,Mobile
14313603,Design
14313603,Apple
14313603,Startups
14313387,Javascript
14313381,Mobile
14313279,Self-driving car
14313027,Linux
14312988,Databases
14312931,Amazon
14312814,Microsoft
14312787,Microsoft
14312730,Google
14312454,Tesla
14312379,Politics
14312292,Databases
14311794,Security
14311794,Politics
14311773,Apple
14311674,Databases
14311578,Blockchain
14311497,Security
14311293,Startups
14311227,Java
14311161,Javascript
14310822,Politics
14310813,Javascript
14310801,Amazon
14310744,Microsoft
14310621,Tesla
14310498,Politics
14310465,Microsoft
14310456,Linux
14310381,AI/Machine Learning
14310300,Politics
14310267,AI/Machine Learning
14310267,Databases
14310135,Mobile
14310087,Politics
14310066,Amazon
14309931,Facebook
14309925,Tesla
14309913,Politics
14309901,Security
14309889,Startups
14309754,Blockchain
14309742,Microsoft
14309712,Design
14309685,Mobile
14309685,Google
14309631,Microsoft
14309628,Politics
14309622,Mobile
14309622,Google
14309619,Microsoft
14309619,Databases
14309604,Politics
14309556,Politics
14309478,Databases
14309439,Linux
14309415,Microsoft
14309322,Microsoft
14309214,Javascript
14309202,AI/Machine Learning
14309118,Microsoft
14309103,Tesla
14309094,Microsoft
14309076,Microsoft
14309076,Politics
14309058,Politics
14309022,Microsoft
14309022,Amazon
14309013,System Administration/Dev Ops
14308992,Mobile
14308944,Databases
14308800,Microsoft
14308722,Microsoft
14308557,Databases
14308518,Javascript
14308485,Python
14308218,AI/Machine Learning
14307984,Self-driving car
14307948,Javascript
14307942,Mobile
14307924,Apple
14307822,Amazon
14307699,Blockchain
14307660,Javascript
14307597,Design
14307555,Python
14307468,Google
14307462,Politics
14307441,Databases
14307435,Databases
14307342,Amazon
14307252,Javascript
14307240,Microsoft
14307234,Blockchain
14307210,Security
14307156,Design
14307117,Design
14306937,Security
14306937,Linux
14306784,Politics
14306748,Apple
14306391,Javascript
14306370,Javascript
14306337,Startups
14306310,Microsoft
14306310,Politics
14306262,Javascript
14306256,Javascript
14306148,Apple
14306079,Politics
14306070,Startups
14306001,Python
14305947,Amazon
14305944,Politics
14305917,Linux
14305899,Politics
14305698,Security
14305605,Linux
14305578,Mobile
14305578,Google
14305392,Apple
14304981,Google
14304915,Politics
14304822,Blockchain
14304816,Politics
14304810,Politics
14304780,Design
14304780,Amazon
14304702,Python
14304618,Databases
14304519,Databases
14304465,Security
14304066,Databases
14303769,Politics
14303619,Facebook
14303559,AI/Machine Learning
14303538,Politics
14303337,Security
14303274,Design
14303259,Google
14303223,Security
14303097,Self-driving car
14303022,Linux
14303001,Linux
14302416,Databases
14302302,Javascript
14302254,Mobile
14302053,Blockchain
14301744,Startups
14301714,Mobile
14301630,Javascript
14301630,Java
14301399,Databases
14301390,Amazon
14301330,Apple
14301297,Javascript
14301255,AI/Machine Learning
14301228,Startups
14301093,Startups
14301081,Microsoft
14300976,Politics
14300955,Python
14300652,Politics
14300430,Startups
14300427,Politics
14300382,Security
14300286,Amazon
14300220,Amazon
14300211,Design
14300058,Politics
14299893,Amazon
14299815,Linux
14299758,Security
14299686,Mobile
14299647,Google
14299599,Startups
14299533,Design
14299482,Design
14299482,Apple
14299473,Mobile
14299431,Startups
14299413,Mobile
14299302,Mobile
14299260,Javascript
14299158,Security
14299158,Microsoft
14299137,Mobile
14299071,Startups
14299068,Microsoft
14298999,Mobile
14298987,AI/Machine Learning
14298972,Startups
14298948,Javascript
14298948,Microsoft
14298882,Mobile
14298804,Google
14298804,Microsoft
14298792,Security
14298750,Design
14298723,Mobile
14298666,Python
14298660,Microsoft
14298633,Mobile
14298579,Python
14298480,Javascript
14298432,Politics
14298429,Amazon
14298411,Mobile
14298393,Amazon
14298354,Politics
14298345,AI/Machine Learning
14298294,Microsoft
14298237,Microsoft
14298201,Javascript
14298114,Javascript
14297943,Mobile
14297895,Amazon
14297880,Google
14297880,Amazon
14297868,Google
14297853,Startups
14297820,Security
14297763,Design
14297694,AI/Machine Learning
14297523,Databases
14297391,Blockchain
14297337,Startups
14297157,Facebook
14297148,Facebook
14297067,Facebook
14297061,Politics
14297022,System Administration/Dev Ops
14296959,Microsoft
14296941,Microsoft
14296866,Security
14296866,Politics
14296788,Linux
14296647,Apple
14296467,Tesla
14296434,Design
14296434,Security
14296359,Facebook
14296251,Security
14296251,Politics
14296230,Design
14296200,Security
14296170,Apple
14296107,AI/Machine Learning
14296080,Python
14296047,Python
14296008,AI/Machine Learning
14295765,Security
14295765,Linux
14295705,Microsoft
14295630,Apple
14295570,Python
14295567,Microsoft
14295513,Security
14295231,Javascript
14295183,Microsoft
14295162,Google
14295132,AI/Machine Learning
14295039,Politics
14294955,Politics
14294880,Javascript
14294754,Startups
14294682,AI/Machine Learning
14294544,Design
14294544,Google
14294544,Microsoft
14294532,AI/Machine Learning
14294295,Google
14294139,Startups
14294073,Facebook
14294055,Politics
14293992,Blockchain
14293866,Politics
14293791,Security
14293746,Google
14293713,Python
14293695,Microsoft
14293554,Databases
14293551,Politics
14293329,AI/Machine Learning
14293329,Startups
14293203,Security
14293140,Python
14292999,Politics
14292993,Security
14292903,Politics
14292900,Javascript
14292654,Amazon
14292651,Mobile
14292651,Google
14292651,Linux
14292645,Politics
14292513,Startups
14292363,Google
14292081,Startups
14292054,Startups
14292009,Startups
14291874,AI/Machine Learning
14291808,Javascript
14291772,Databases
14291661,Startups
14291580,Python
14291574,Databases
14291565,Databases
14291514,Microsoft
14291493,Security
14291412,Politics
14291043,Javascript
14290965,Databases
14290926,Security
14290851,Politics
14290734,Self-driving car
14290512,Databases
14290476,Blockchain
14290458,Javascript
14290290,Tesla
14290257,Security
14290206,Mobile
14290089,Javascript
14290086,AI/Machine Learning
14290083,Design
14290080,Design
14290026,Security
14290026,Politics
14289996,Mobile
14289873,Security
14289861,Mobile
14289828,Linux
14289804,Python
14289774,Politics
14289687,Politics
14289675,Databases
14289636,Design
14289501,Security
14289414,Startups
14289327,Security
14289264,Politics
14289261,Javascript
14289240,Design
14289144,Javascript
14289144,Java
14288715,Microsoft
14288652,Mobile
14288652,Politics
14288331,Security
14287743,Amazon
14287023,Google
14286894,Amazon
14286084,AI/Machine Learning
14286018,Politics
14285994,Design
14285970,Python
14285931,Javascript
14285925,Javascript
14285880,Python
14285757,Facebook
14285751,Javascript
14285601,Google
14285478,Design
14285211,System Administration/Dev Ops
14284923,Linux
14284758,Microsoft
14284758,Linux
14284620,AI/Machine Learning
14284602,Javascript
14284590,Design
14284470,AI/Machine Learning
14284362,Facebook
14284299,AI/Machine Learning
14284002,Apple
14283993,Mobile
14283993,Design
14283942,Python
14283882,Politics
14283717,AI/Machine Learning
14283708,Blockchain
14283510,Security
14283450,AI/Machine Learning
14283264,Databases
14283195,Javascript
14283156,Microsoft
14282904,AI/Machine Learning
14282904,Google
14282595,Linux
14281833,Facebook
14281635,Amazon
14281149,Design
14280750,Mobile
14280600,Security
14280549,Mobile
14280483,Python
14280174,Databases
14280099,Linux
14280084,Security
14279712,Security
14279571,AI/Machine Learning
14279370,Apple
14279295,Politics
14279040,Microsoft
14278584,Security
14278584,Microsoft
14278314,Mobile
14278275,Microsoft
14278137,AI/Machine Learning
14278041,Security
14277903,Mobile
14277876,Politics
14277819,Mobile
14277504,Politics
14277495,Startups
14277396,Startups
14277222,AI/Machine Learning
14276799,Javascript
14276697,Design
14276550,Apple
14276505,Apple
14276454,Javascript
14276349,Amazon
14276091,Mobile
14276073,AI/Machine Learning
14276073,Google
14276058,Security
14275929,AI/Machine Learning
14275695,Microsoft
14275626,Politics
14275608,Mobile
14275593,Politics
14275392,Mobile
14275185,Mobile
14274783,Apple
14274732,Security
14274579,Microsoft
14274480,Politics
14274288,Design
14273982,Mobile
14273970,Startups
14273856,Security
14273802,Apple
14273802,Tesla
14273652,AI/Machine Learning
14273601,Google
14273514,Security
14273445,Politics
14273436,Google
14273433,Microsoft
14273352,Databases
14273292,Google
14273184,Python
14272998,Self-driving car
14272878,Mobile
14272809,Javascript
14272752,Google
14272434,Self-driving car
14272395,Mobile
14272194,Startups
14272092,Databases
14271960,Microsoft
14271945,Python
14271945,Javascript
14271918,Politics
14271822,Mobile
14271804,Blockchain
14271744,Linux
14271486,Javascript
14271372,Microsoft
14271294,Mobile
14271219,Startups
14270961,Politics
14270682,Python
14270337,Linux
14270322,Design
14270307,Amazon
14270127,Apple
14269839,Facebook
14269764,Startups
14269746,Security
14269746,Startups
14269581,Javascript
14269503,Javascript
14269245,Mobile
14277809,Security
14277593,Javascript
14277536,Facebook
14277521,Security
14277290,Design
14277188,Apple
14276912,Google
14276912,Facebook
14276912,Amazon
14276801,System Administration/Dev Ops
14276777,Tesla
14276750,Amazon
14276576,Amazon
14276486,Javascript
14275826,Mobile
14275826,Google
14275583,Google
14275502,Politics
14275436,AI/Machine Learning
14275421,Linux
14275235,Design
14275232,Mobile
14275061,Apple
14275061,Amazon
14275034,Security
14274938,Python
14274938,Databases
14274635,Startups
14274626,Javascript
14274356,Python
14274278,Politics
14274260,Python
14274134,Design
14273681,Mobile
14273681,Security
14273660,Apple
14273621,Startups
14273618,Tesla
14273534,Microsoft
14273456,Databases
14273315,Security
14273252,Security
14273252,Databases
14273234,Design
14273078,Apple
14272865,AI/Machine Learning
14272841,Apple
14272832,Microsoft
14272679,Design
14272535,Microsoft
14272415,Python
14272391,Blockchain
14272382,Databases
14272223,Mobile
14272184,Security
14272184,Google
14272157,System Administration/Dev Ops
14272049,Politics
14271863,Security
14271833,AI/Machine Learning
14271800,Politics
14271728,Mobile
14271614,Python
14271533,Politics
14271512,Mobile
14271434,Amazon
14271386,Databases
14271341,Google
14271263,Microsoft
14271254,Facebook
14271230,Apple
14271092,Google
14270912,AI/Machine Learning
14270912,Google
14270897,Apple
14270861,Mobile
14270834,Javascript
14270717,Mobile
14270711,Apple
14270597,Startups
14270588,Facebook
14270555,Java
14270237,Blockchain
14270237,Startups
14270207,Mobile
14270141,Politics
14270009,Facebook
14269895,Google
14269856,Microsoft
14269856,Linux
14269748,Facebook
14269721,Facebook
14269682,Apple
14269340,Javascript
14269268,Politics
14268983,Facebook
14268908,Startups
14268704,Security
14268704,AI/Machine Learning
14268419,Facebook
14268074,Javascript
14267906,Javascript
14267858,Apple
14267840,Facebook
14267822,Facebook
14267372,Design
14267255,Mobile
14267246,Startups
14267195,Java
14267192,Security
14267192,Google
14267120,Facebook
14266940,System Administration/Dev Ops
14266727,Javascript
14266529,Google
14266511,Linux
14266421,Javascript
14266334,Blockchain
14266298,Databases
14266202,Tesla
14266082,Java
14266010,Javascript
14265905,Startups
14265899,Javascript
14265860,Microsoft
14265746,Apple
14265668,Databases
14265623,Javascript
14265518,Politics
14265488,Apple
14265344,Security
14265332,Javascript
14265332,Mobile
14265257,Design
14265248,Apple
14265200,Mobile
14265137,Google
14265047,Google
14265038,Facebook
14264951,Blockchain
14264801,Javascript
14264780,Apple
14264594,Tesla
14264393,Facebook
14264261,Java
14264201,Design
14264189,Linux
14264039,Java
14264009,Security
14264009,Linux
14263922,Apple
14263898,Apple
14263880,AI/Machine Learning
14263838,Blockchain
14263832,Javascript
14263826,Security
14263793,Java
14263766,AI/Machine Learning
14263730,Google
14263712,Facebook
14263664,Amazon
14263637,Mobile
14263595,Security
14263568,Mobile
14263523,Apple
14263487,Databases
14263463,Security
14263424,Javascript
14263316,Politics
14263214,Mobile
14263133,Startups
14263112,Mobile
14263112,Facebook
14262998,Blockchain
14262908,Linux
14262869,Apple
14262815,Google
14262803,Tesla
14262716,Microsoft
14262623,Apple
14262545,Linux
14262512,AI/Machine Learning
14262494,Security
14262494,Google
14262392,Javascript
14262353,Security
14262353,AI/Machine Learning
14262287,Mobile
14262230,Apple
14262155,Apple
14262062,Apple
14262047,Startups
14261792,Apple
14261756,AI/Machine Learning
14261603,Mobile
14261549,Mobile
14261483,Javascript
14261216,Facebook
14260964,AI/Machine Learning
14260859,Mobile
14260853,Facebook
14260697,Python
14260688,Security
14260688,Google
14260595,Tesla
14260499,Google
14260433,Startups
14260373,Databases
14260358,Javascript
14260304,Security
14260304,Linux
14259920,Google
14259878,Java
14259878,Databases
14259767,Facebook
14259698,Tesla
14259674,Mobile
14259611,Javascript
14259611,Design
14259440,AI/Machine Learning
14259287,Google
14259281,Design
14259278,Linux
14259215,Javascript
14259170,Python
14259134,Self-driving car
14259113,Linux
14258999,Google
14258972,Databases
14258924,Google
14258924,Facebook
14258918,Security
14258918,Google
14258750,AI/Machine Learning
14258750,Amazon
14258750,Linux
14258657,AI/Machine Learning
14258657,Google
14258627,Google
14258627,Self-driving car
14258513,Facebook
14258504,Design
14258414,Design
14258315,Blockchain
14258153,Google
14258147,Mobile
14258147,Amazon
14258087,Tesla
14258057,Mobile
14258057,Google
14257916,Google
14257916,Apple
14257874,AI/Machine Learning
14257853,Microsoft
14257661,Microsoft
14257643,Google
14257592,Databases
14257493,Politics
14257124,Databases
14257082,Design
14256971,Security
14256971,Blockchain
14256971,Databases
14256947,Facebook
14256803,AI/Machine Learning
14256794,Facebook
14256623,Startups
14256584,Politics
14256539,Politics
14256488,AI/Machine Learning
14256386,Security
14256287,Mobile
14256245,AI/Machine Learning
14256236,Politics
14256233,Security
14256113,Blockchain
14256089,Microsoft
14256068,Facebook
14256017,Apple
14255744,Microsoft
14255732,Security
14255726,Javascript
14255723,Design
14255723,Microsoft
14255681,Security
14255540,Javascript
14255498,Apple
14255459,Startups
14255366,Google
14255303,Microsoft
14255249,Mobile
14255213,AI/Machine Learning
14255081,Java
14255033,Politics
14254961,Databases
14254739,Politics
14254730,Microsoft
14254712,Microsoft
14254700,AI/Machine Learning
14254439,Mobile
14254439,Security
14254346,Facebook
14254328,Javascript
14254235,Amazon
14254166,Google
14254049,Google
14254049,Facebook
14253923,Databases
14253881,Javascript
14253857,Facebook
14253806,Microsoft
14253605,Startups
14253503,Mobile
14253461,Facebook
14253431,Google
14253431,Microsoft
14253362,Databases
14253305,Google
14253251,Mobile
14253251,Security
14253251,Google
14253245,Javascript
14253212,Javascript
14253119,Microsoft
14252987,Startups
14252978,Facebook
14252942,Javascript
14252753,Security
14252624,AI/Machine Learning
14252606,Java
14252564,Politics
14252513,Security
14252441,Amazon
14252420,Facebook
14252402,Apple
14251940,Facebook
14251790,Microsoft
14251271,Amazon
14251001,Google
14250959,Design
14250761,Politics
14250455,Google
14250344,Apple
14250323,Blockchain
14250068,Mobile
14249984,Google
14249867,Python
14249846,Politics
14249738,Apple
14249681,Facebook
14249543,Java
14249531,Javascript
14249471,Mobile
14249333,Microsoft
14249324,Politics
14249123,Mobile
14248808,Design
14248757,Politics
14248724,Politics
14248676,Design
14248487,Microsoft
14248445,Microsoft
14248376,Security
14248328,Microsoft
14248244,Politics
14248187,Google
14248085,Microsoft
14248061,Google
14248061,Apple
14248061,Amazon
14247980,Blockchain
14247950,Mobile
14247950,Design
14247725,Security
14247686,Startups
14247623,Mobile
14247617,Politics
14247539,Mobile
14247515,Microsoft
14247383,AI/Machine Learning
14247242,Security
14247242,Microsoft
14247221,Facebook
14246999,Google
14246984,Microsoft
14246948,Microsoft
14246840,Security
14246831,Microsoft
14246750,Startups
14246669,Amazon
14246609,Google
14246609,Microsoft
14246609,Apple
14246534,Blockchain
14246486,Microsoft
14246441,Javascript
14246390,Google
14246264,Security
14246246,Politics
14246189,Databases
14246117,Facebook
14246099,Databases
14246012,Mobile
14245550,Politics
14245532,Blockchain
14245502,Javascript
14245502,Databases
14245343,Javascript
14245316,Microsoft
14245295,Google
14245226,Startups
14245214,Mobile
14245190,Mobile
14245190,Security
14245160,Google
14245091,Politics
14245010,Google
14245010,Microsoft
14245010,Facebook
14245010,Amazon
14244959,Microsoft
14244956,Politics
14244947,Javascript
14244938,Mobile
14244920,Java
14244896,Linux
14244863,Mobile
14244704,Python
14244536,Python
14244536,Design
14244278,Google
14244218,Mobile
14244188,Javascript
14244092,Databases
14243981,AI/Machine Learning
14243924,Startups
14243906,Startups
14243390,Design
14243144,Javascript
14243144,Mobile
14243087,Javascript
14243033,Security
14242991,Security
14242949,Javascript
14242442,Security
14241962,Javascript
14241878,Blockchain
14241815,Startups
14241734,Google
14241701,Apple
14241449,Startups
14241065,Blockchain
14240666,Politics
14240306,AI/Machine Learning
14240306,Startups
14240141,Startups
14240138,Security
14240111,Databases
14239850,Security
14239832,Javascript
14239832,Design
14239733,Facebook
14239718,Security
14239541,Linux
14239535,Politics
14239382,Blockchain
14239376,Java
14239376,Design
14239226,Databases
14238971,Javascript
14238788,Design
14238728,Startups
14238221,System Administration/Dev Ops
14238047,Java
14237759,Facebook
14237582,Google
14237225,Mobile
14237189,Mobile
14237189,Amazon
14237183,Blockchain
14237123,Linux
14237048,Mobile
14237030,AI/Machine Learning
14237030,Linux
14237003,Python
14236712,Blockchain
14236667,Politics
14236634,Design
14236568,System Administration/Dev Ops
14236556,Javascript
14236475,Security
14236469,Facebook
14236364,AI/Machine Learning
14236070,Security
14235974,Microsoft
14235803,Python
14235632,Javascript
14235623,Javascript
14235416,Javascript
14235179,Politics
14234903,Blockchain
14234852,Mobile
14234822,Tesla
14234681,Linux
14234606,Javascript
14234585,Facebook
14234543,Linux
14234534,AI/Machine Learning
14234255,Python
14234156,Design
14234054,Amazon
14233796,AI/Machine Learning
14233670,AI/Machine Learning
14233562,Amazon
14233442,Startups
14233370,AI/Machine Learning
14233283,AI/Machine Learning
14233187,Google
14233052,Startups
14232572,Politics
14232563,Apple
14232512,Apple
14232503,Blockchain
14232332,Javascript
14232233,Security
14232233,Microsoft
14232176,Politics
14231819,Blockchain
14231753,Javascript
14231735,AI/Machine Learning
14231702,Design
14231624,Google
14231486,Javascript
14231396,Facebook
14231267,System Administration/Dev Ops
14231186,Mobile
14231186,Microsoft
14231087,Databases
14231078,Microsoft
14230898,Mobile
14230898,Apple
14230892,Apple
14230868,Security
14230868,Google
14230649,AI/Machine Learning
14230187,Design
14229968,Javascript
14229827,Microsoft
14229761,Facebook
14229686,AI/Machine Learning
14229644,Startups
14228744,Javascript
14228675,Javascript
14228519,Google
14228516,Blockchain
14227937,Linux
14227877,Politics
14227829,Startups
14227547,Blockchain
14227328,Startups
14227217,Mobile
14227145,Microsoft
14227085,Design
14226998,Facebook
14226998,Politics
14226986,Google
14226941,Security
14226755,AI/Machine Learning
14226539,Mobile
14226503,Javascript
14226476,Politics
14226446,Mobile
14226395,Apple
14226335,Google
14226329,Politics
14226272,Security
14226272,AI/Machine Learning
14226254,Microsoft
14226227,Design
14226164,Blockchain
14225900,Google
14225618,Security
14225585,Mobile
14225501,Startups
14225414,Startups
14225219,Google
14225015,Tesla
14224949,Politics
14224910,Facebook
14224874,Google
14224832,Politics
14224799,Politics
14224781,Politics
14224736,Blockchain
14224721,Javascript
14224367,Amazon
14223917,Startups
14223761,Security
14223290,AI/Machine Learning
14223185,Google
14223128,Politics
14222741,Startups
14222681,Politics
14222678,AI/Machine Learning
14222372,Apple
14222264,Security
14222141,Google
14222141,Facebook
14222075,Microsoft
14222075,Amazon
14221991,Javascript
14221628,Google
14221562,Blockchain
14221373,Google
14221373,Facebook
14221127,Politics
14220995,Tesla
14220668,Python
14220581,Databases
14220485,Google
14220329,Google
14220329,Apple
14220329,Startups
14220254,Microsoft
14220065,Apple
14219945,Startups
14219936,System Administration/Dev Ops
14219918,Amazon
14219819,Google
14219762,AI/Machine Learning
14219729,Politics
14219669,Google
14219591,Mobile
14219567,Facebook
14219567,Politics
14219558,Startups
14219558,Self-driving car
14219477,Mobile
14219459,Facebook
14219360,Amazon
14219240,Startups
14219207,Amazon
14219039,Blockchain
14219003,Mobile
14218955,Javascript
14218838,Apple
14218838,Self-driving car
14218730,Amazon
14218382,Mobile
14218382,Design
14218286,Mobile
14218211,Tesla
14218169,Linux
14218115,Python
14218112,Politics
14218001,Linux
14217971,Linux
14217941,Self-driving car
14217908,Startups
14217908,Politics
14217779,Google
14217680,Mobile
14217659,Linux
14217650,Python
14217650,Design
14217560,Google
14217458,Mobile
14217362,Politics
14217329,Javascript
14217290,Google
14217188,Microsoft
14217176,Politics
14217173,Mobile
14217149,Blockchain
14217140,Python
14217140,AI/Machine Learning
14217140,Self-driving car
14216816,Security
14216669,Microsoft
14216624,Google
14216621,Amazon
14216552,Google
14216552,Politics
14216342,Facebook
14215913,Blockchain
14215820,Mobile
14215700,AI/Machine Learning
14215646,Google
14215517,Javascript
14215334,Apple
14215208,Microsoft
14214887,Startups
14214872,Javascript
14214644,Google
14214644,Self-driving car
14214593,Python
14214494,Self-driving car
14214239,Javascript
14214203,Blockchain
14214191,Javascript
14214134,Security
14214071,Politics
14214011,Politics
14213984,Javascript
14213966,Facebook
14213945,Security
14213912,Politics
14213909,Google
14213900,Startups
14213819,Design
14213777,Google
14213744,Politics
14213687,Python
14213687,Databases
14213552,Security
14213540,Python
14213534,Javascript
14213498,Databases
14213303,Google
14213273,Mobile
14213045,Linux
14213033,Self-driving car
14212967,Databases
14212796,Security
14212787,Linux
14212730,Mobile
14212499,Startups
14212331,Databases
14212256,Apple
14212235,Amazon
14212211,Databases
14212097,Design
14212064,Python
14212064,Microsoft
14212064,Databases
14211896,Javascript
14211887,Mobile
14211878,Microsoft
14211875,Blockchain
14211731,Mobile
14211731,Apple
14211725,Mobile
14211668,Facebook
14211641,Python
14211524,Politics
14211479,Linux
14211461,Security
14211401,Mobile
14211359,Google
14211287,Security
14211251,Startups
14211218,Startups
14211179,Startups
14211149,Google
14211122,Security
14211080,Python
14211080,Linux
14211074,Mobile
14210978,Mobile
14210978,AI/Machine Learning
14210900,Startups
14210888,Politics
14210804,Mobile
14210165,Apple
14210150,Python
14210150,Design
14210111,Amazon
14209784,Databases
14209763,Security
14209754,Mobile
14209694,Google
14209682,Security
14209541,Google
14209505,Facebook
14209499,Politics
14209481,Mobile
14209391,Facebook
14209373,Google
14209364,Amazon
14209274,Amazon
14209268,Apple
14209130,Databases
14209112,AI/Machine Learning
14209079,Python
14208827,AI/Machine Learning
14208827,Facebook
14208752,Mobile
14208668,Facebook
14208566,Politics
14208326,Security
14208227,Google
14208095,Security
14207942,Politics
14207765,AI/Machine Learning
14207672,Microsoft
14207564,Politics
14207393,AI/Machine Learning
14207363,AI/Machine Learning
14207285,Security
14207177,Amazon
14207042,Python
14206946,Design
14206844,Politics
14206739,Google
14206562,Python
14206487,Amazon
14206331,Startups
14206322,Politics
14206118,Google
14206037,Politics
14205917,Politics
14205794,Design
14205776,Politics
14205731,Microsoft
14205485,Blockchain
14205485,Startups
14205473,Design
14205380,Politics
14204882,Mobile
14204762,Design
14204633,AI/Machine Learning
14204552,Blockchain
14204531,Security
14204342,Design
14204288,Amazon
14204255,Amazon
14204246,Amazon
14204174,Google
14204150,Politics
14204078,Javascript
14203919,Linux
14203832,Startups
14203703,Apple
14203700,Facebook
14203640,Politics
14203541,Google
14203466,Startups
14203364,Mobile
14203358,Databases
14203346,Mobile
14203346,Design
14203247,Mobile
14203247,Facebook
14203082,Javascript
14203079,Startups
14202956,Politics
14202815,Design
14202761,Mobile
14202743,Tesla
14202686,Mobile
14202620,Mobile
14202617,Mobile
14202599,Tesla
14202488,Javascript
14202461,Google
14202365,Microsoft
14202347,Google
14202338,Linux
14202110,AI/Machine Learning
14202110,Amazon
14202089,Microsoft
14201972,Design
14201972,Apple
14201861,AI/Machine Learning
14201843,Javascript
14201834,Blockchain
14201804,Google
14201777,Politics
14201747,Mobile
14201717,Javascript
14201705,Microsoft
14201699,Databases
14201657,Javascript
14201630,Javascript
14201471,Mobile
14201447,Databases
14201279,Self-driving car
14201276,Politics
14201237,Politics
14201150,Mobile
14201114,Microsoft
14201078,Mobile
14201060,Microsoft
14201021,Mobile
14201012,Politics
14200925,Security
14200901,Microsoft
14200835,System Administration/Dev Ops
14200826,Mobile
14200685,Blockchain
14200652,Javascript
14200568,Politics
14200568,Linux
14200436,Politics
14200385,Politics
14200352,Google
14200280,Google
14200124,Javascript
14200058,Javascript
14199758,Politics
14199341,Self-driving car
14199125,Linux
14199032,Facebook
14198606,Design
14198606,Google
14198516,Politics
14198492,Linux
14198471,Mobile
14198471,Microsoft
14198066,Mobile
14197943,Startups
14332577,Google
14332397,Blockchain
14332199,AI/Machine Learning
14332157,Politics
14332115,Microsoft
14331860,Startups
14331836,Google
14331812,Security
14331662,Tesla
14331485,Security
14331461,Mobile
14331170,Security
14331170,Microsoft
14331086,Security
14331086,Microsoft
14331050,Politics
14331047,Security
14330873,Javascript
14330789,Security
14330789,Microsoft
14330732,Politics
14330555,Mobile
14330453,Startups
14330123,Java
14330090,Security
14329964,Google
14329943,Mobile
14329649,Apple
14329646,Security
14329460,Javascript
14329385,Microsoft
14329385,Linux
14329172,Security
14329172,Microsoft
14329037,Python
14328941,Mobile
14328584,Microsoft
14328512,Security
14328026,Google
14328017,Databases
14327999,Mobile
14327873,Security
14327873,Politics
14327792,Microsoft
14327690,Security
14327669,Mobile
14327618,Security
14327612,Security
14327372,Mobile
14327342,Security
14327282,Politics
14327249,Politics
14327213,Security
14326970,Security
14326970,Startups
14326949,AI/Machine Learning
14326892,Javascript
14326739,Tesla
14326499,Security
14326499,Politics
14326439,Security
14326358,Javascript
14326328,Javascript
14326328,Security
14326328,Politics
14326181,Politics
14326178,System Administration/Dev Ops
14326151,Security
14326085,Startups
14326061,AI/Machine Learning
14326034,Security
14325893,Security
14325854,Google
14325830,Java
14325815,Mobile
14325719,Google
14325710,Python
14325686,Python
14325662,Apple
14325557,Design
14325380,Security
14325380,Blockchain
14325095,Security
14324753,Mobile
14324720,Databases
14324426,Startups
14324303,Security
14324282,Politics
14324168,Startups
14324129,Security
14323988,Microsoft
14323973,Apple
14323946,Linux
14323844,Security
14323772,Javascript
14323634,Amazon
14323553,Design
14323541,Security
14323541,Politics
14323517,Python
14323517,Microsoft
14323454,AI/Machine Learning
14323454,Startups
14323385,Amazon
14323349,AI/Machine Learning
14323022,Amazon
14322953,AI/Machine Learning
14322887,Microsoft
14322887,Linux
14322878,Mobile
14322857,Google
14322635,Mobile
14322635,Design
14322590,Javascript
14322287,Javascript
14322230,Politics
14322188,Microsoft
14322137,Mobile
14322137,Security
14322020,Javascript
14322020,Mobile
14322005,Mobile
14321900,Mobile
14321900,Google
14321828,Security
14321741,Mobile
14321693,Politics
14321639,Startups
14321597,Self-driving car
14321522,Apple
14321225,Amazon
14321132,Python
14321069,Mobile
14320751,Startups
14320601,Politics
14320511,Security
14320481,Startups
14320358,Mobile
14320277,Linux
14320139,Apple
14320025,AI/Machine Learning
14320025,System Administration/Dev Ops
14320007,Python
14319980,Mobile
14319944,Startups
14319752,Javascript
14319623,Google
14319560,Mobile
14319557,Java
14319479,Politics
14319179,Startups
14319074,Security
14319020,Mobile
14319014,Python
14318966,AI/Machine Learning
14318843,Microsoft
14318798,Linux
14318744,Linux
14318714,Mobile
14318663,Startups
14318426,Databases
14318417,AI/Machine Learning
14318387,Design
14318387,Microsoft
14318345,Microsoft
14318321,Politics
14318291,Security
14318258,AI/Machine Learning
14318249,Politics
14318165,Google
14318003,Startups
14317946,Tesla
14317925,Javascript
14317922,Security
14317859,Google
14317838,System Administration/Dev Ops
14317769,Javascript
14317700,Mobile
14317559,Design
14317559,Microsoft
14317535,AI/Machine Learning
14317529,System Administration/Dev Ops
14317316,Tesla
14317238,Mobile
14317208,AI/Machine Learning
14317166,Security
14317166,AI/Machine Learning
14317160,Politics
14317154,System Administration/Dev Ops
14317151,Security
14317148,Microsoft
14317148,Linux
14317130,Javascript
14317055,Design
14317019,Javascript
14316935,Mobile
14316872,Amazon
14316863,Microsoft
14316707,Design
14316698,Startups
14316680,Databases
14316632,Mobile
14316344,Python
14316308,Mobile
14316104,Google
14316053,Blockchain
14316035,AI/Machine Learning
14315804,Linux
14315774,Google
14315768,Apple
14315765,System Administration/Dev Ops
14315735,Self-driving car
14315675,Javascript
14315669,Mobile
14315603,Python
14315603,Design
14315555,Facebook
14315465,Linux
14315420,Javascript
14315279,Politics
14315186,Linux
14315177,Security
14315114,Java
14315015,Design
14314823,Microsoft
14314766,Mobile
14314703,Databases
14314436,Javascript
14314418,Design
14314391,Security
14314373,Politics
14314250,Design
14314175,Blockchain
14314130,Google
14314022,Tesla
14313986,Politics
14313713,Microsoft
14313710,AI/Machine Learning
14313704,Microsoft
14313605,AI/Machine Learning
14313596,Amazon
14313353,Google
14313137,Mobile
14313122,Microsoft
14313092,Politics
14313011,Databases
14312966,Microsoft
14312795,Google
14312522,Facebook
14312495,Google
14312495,Amazon
14312210,Politics
14311988,Javascript
14311967,Google
14311742,Startups
14311688,AI/Machine Learning
14311673,Design
14311583,Javascript
14311583,Java
14311193,Startups
14311016,Microsoft
14310890,Java
14310878,Tesla
14310677,Blockchain
14310647,Politics
14310542,Javascript
14310521,Tesla
14310515,Startups
14310374,Databases
14310131,Mobile
14310131,Microsoft
14310122,Mobile
14310122,Design
14310071,Google
14310047,Microsoft
14309972,Google
14309942,Java
14309930,Amazon
14309915,Microsoft
14309906,Design
14309894,AI/Machine Learning
14309891,Google
14309786,Design
14309774,Mobile
14309654,Design
14309615,Python
14309591,Javascript
14309495,Amazon
14309483,Databases
14309423,Startups
14309414,Blockchain
14309345,Microsoft
14309342,Microsoft
14309336,Mobile
14309324,Mobile
14309258,Javascript
14309258,Design
14309243,AI/Machine Learning
14309156,Facebook
14309015,Microsoft
14309015,Databases
14308886,Mobile
14308886,Google
14308814,Databases
14308787,Microsoft
14308787,Databases
14308754,Microsoft
14308556,Amazon
14308370,Mobile
14308310,Design
14308298,Blockchain
14308289,Apple
14308256,Mobile
14308091,Security
14308091,Politics
14307971,Microsoft
14307971,Amazon
14307941,Security
14307920,Apple
14307836,Python
14307746,Apple
14307737,Startups
14307728,Blockchain
14307608,Javascript
14307455,Linux
14307341,Mobile
14307296,Apple
14307272,Databases
14307257,Mobile
14307251,Mobile
14307173,Design
14307173,Apple
14307056,Mobile
14307026,Java
14306984,Politics
14306966,Design
14306942,System Administration/Dev Ops
14306912,Tesla
14306864,Google
14306837,Security
14306837,Politics
14306735,Mobile
14306513,Databases
14306462,Mobile
14306462,Google
14306318,Microsoft
14306135,Politics
14306051,Design
14306027,Apple
14306027,Startups
14305868,Mobile
14305868,Google
14305727,Politics
14305613,Politics
14305541,Javascript
14305523,Security
14305523,Microsoft
14305436,Politics
14305304,Javascript
14305304,Facebook
14305001,Blockchain
14304824,AI/Machine Learning
14304812,Politics
14304716,Startups
14304710,Politics
14304668,Mobile
14304164,Microsoft
14304128,Politics
14304110,Apple
14304041,Politics
14303567,Facebook
14303510,Tesla
14303372,Security
14303351,System Administration/Dev Ops
14303330,Blockchain
14303264,Politics
14303237,AI/Machine Learning
14302877,Mobile
14302877,Design
14302844,Security
14302844,Politics
14302622,Politics
14302394,Google
14302388,Security
14302355,Javascript
14302091,Mobile
14302028,Python
14302022,Security
14301953,Politics
14301857,Politics
14301743,Security
14301704,Mobile
14301659,Apple
14301644,Design
14301626,Startups
14301539,System Administration/Dev Ops
14301479,Databases
14301467,Google
14301053,Amazon
14300909,Startups
14300885,Amazon
14300867,Startups
14300741,Mobile
14300741,Apple
14300546,Java
14300426,Javascript
14300396,Security
14300171,Amazon
14300162,System Administration/Dev Ops
14300081,Amazon
14300069,Politics
14299985,Design
14299958,Startups
14299949,Politics
14299916,Amazon
14299895,Amazon
14299730,Politics
14299709,Amazon
14299463,Microsoft
14299328,Facebook
14299301,Startups
14299253,Blockchain
14299226,Linux
14299037,Python
14298887,Javascript
14298863,Mobile
14298827,Apple
14298752,System Administration/Dev Ops
14298704,Javascript
14298548,Design
14298506,Mobile
14298491,Java
14298359,Java
14298221,Politics
14298215,AI/Machine Learning
14298200,Politics
14297963,Python
14297927,Startups
14297888,Google
14297888,Apple
14297888,Amazon
14297873,Mobile
14297873,Google
14297855,Security
14297699,Python
14297288,Politics
14297246,Design
14297231,AI/Machine Learning
14297195,Facebook
14297177,Facebook
14297147,Mobile
14297147,Facebook
14297096,Facebook
14297042,Facebook
14297018,Microsoft
14296982,Politics
14296979,Politics
14296913,Mobile
14296865,Security
14296865,Microsoft
14296835,Security
14296835,Google
14296835,Microsoft
14296589,Python
14296571,Design
14296472,Security
14296418,Self-driving car
14296331,Facebook
14296292,Microsoft
14296232,Javascript
14296232,Mobile
14296196,Mobile
14296052,Design
14296001,Security
14296001,Google
14296001,Microsoft
14295998,Java
14295977,Javascript
14295770,Apple
14295770,Tesla
14295650,Databases
14295545,Apple
14295545,Tesla
14295452,Security
14295140,Javascript
14294993,Mobile
14294681,Design
14294657,Security
14294609,Politics
14294540,Databases
14294534,Design
14294519,Design
14294471,Java
14294417,Politics
14294408,Javascript
14294090,Self-driving car
14294066,Design
14294048,Google
14294048,Microsoft
14294036,Javascript
14294012,Blockchain
14293772,Startups
14293760,Security
14293622,Politics
14293325,Politics
14293070,Microsoft
14292869,Startups
14292587,AI/Machine Learning
14292434,Politics
14292257,Security
14292068,Google
14292068,Apple
14292020,Javascript
14291909,AI/Machine Learning
14291879,AI/Machine Learning
14291834,AI/Machine Learning
14291786,Mobile
14291579,Security
14291366,Startups
14291321,Databases
14291198,Security
14291114,Facebook
14291039,Apple
14290982,Design
14290943,Java
14290919,Blockchain
14290907,Mobile
14290691,Mobile
14290652,AI/Machine Learning
14290535,Mobile
14290130,Mobile
14290082,Facebook
14290070,Google
14290037,Mobile
14289842,Java
14289647,Startups
14289611,Apple
14289611,Linux
14289308,Java
14289083,Self-driving car
14289050,Politics
14288906,Facebook
14288636,Politics
14288090,Design
14288033,Startups
14288000,Javascript
14287835,Politics
14287598,Linux
14287307,Databases
14287295,Design
14286830,Facebook
14286629,Python
14286452,Politics
14286383,Microsoft
14286248,Mobile
14285918,Startups
14285876,Java
14285876,Mobile
14285795,Facebook
14285390,Javascript
14285234,Google
14285033,AI/Machine Learning
14284949,Microsoft
14284904,Security
14284520,Google
14284502,Politics
14284307,Javascript
14284160,Mobile
14283980,Security
14283914,Facebook
14283863,Security
14283551,Design
14283350,Startups
14283251,Politics
14283023,Javascript
14282843,Security
14282825,Python
14282735,Microsoft
14282627,AI/Machine Learning
14282621,Microsoft
14282603,Linux
14282591,Linux
14282528,Linux
14282378,Apple
14282144,Javascript
14282117,Blockchain
14282117,Politics
14282084,Politics
14282075,Google
14282075,Apple
14281739,Javascript
14281706,Microsoft
14281631,Java
14281589,Design
14281532,Python
14281490,Mobile
14281313,Python
14281241,Apple
14281199,Blockchain
14281199,Politics
14281037,Startups
14280713,Mobile
14280668,AI/Machine Learning
14280662,Amazon
14280587,Security
14280539,Linux
14280533,Python
14280485,AI/Machine Learning
14280251,Python
14280251,Javascript
14280176,Javascript
14280086,Design
14279909,Python
14279909,AI/Machine Learning
14279729,Apple
14279699,Javascript
14279675,Javascript
14279555,Javascript
14279429,Mobile
14279429,Google
14279375,Javascript
14279240,Startups
14279186,Politics
14279102,Blockchain
14278802,AI/Machine Learning
14278715,Startups
14278553,Python
14278544,Tesla
14278526,Databases
14278358,Facebook
